product_id,reference,name,category,reason
b421d4e8-3a07-4450-9560-d8ac52cc7537,MATER1,abrillantador de autos,LIMPIEZA,photo du produit à identifier et droits à confirmer
b490c9a0-8304-4914-bd2e-b987e92b5852,TIEP006,acemuk 600 mg efervecente caja de 10,MEDICINA,photo du produit à identifier et droits à confirmer
96f95037-cb20-4135-b7bf-93c375909d3f,MED001,acetaminofen 500 mg caja de 100,MEDICINA,photo du produit à identifier et droits à confirmer
d35cb31a-ad63-4c7f-8ead-4c7d16811afc,TEPS22,acetona,HIGIENE,photo du produit à identifier et droits à confirmer
33c79977-46c0-4746-a0a0-2b38a95e8dcd,TEPS68,aci-tip comprimidos caja de 20,MEDICINA,photo du produit à identifier et droits à confirmer
5523296b-f08f-4526-992a-3b0ba4c497ab,TEPS66,aciclovir 5% crema 20 gr,MEDICINA,photo du produit à identifier et droits à confirmer
977e9205-a9bb-4928-98fd-c312ba89b74d,TEPS67,aciclovir 800 mg caja de 10,MEDICINA,photo du produit à identifier et droits à confirmer
3a3fdaec-4df3-49db-98f9-6f1e155daa17,TCAEP52,activox menta tabletas,MEDICINA,photo du produit à identifier et droits à confirmer
bf5c747f-667a-4760-9463-4bf48ddc655a,ACUA01,acuarelas 12 colores,SUMINISTROS ESCOLARES,photo du produit à identifier et droits à confirmer
25e695d9-219b-4ed6-a82e-d99174989b59,ADAP03,adaptador,"COMPUTACIÓN, TECNOLOGÍA Y ACCESORIOS",photo du produit à identifier et droits à confirmer
41acab82-d330-459b-b11e-1664012793e9,CALC012,adaptador para calculadora,"COMPUTACIÓN, TECNOLOGÍA Y ACCESORIOS",photo du produit à identifier et droits à confirmer
0f8a1203-6040-4a04-b98a-5f47da22409b,TAR002,agenda tarjetero plastico para 120 tarjetas,SUMINISTROS DE OFICINA,photo du produit à identifier et droits à confirmer
bb8d28f9-657b-4c86-8478-e60a1beb43b6,TICA014,agua aromatica tea mix varios sabores caja de 60,ALIMENTOS Y BEBIDAS,photo du produit à identifier et droits à confirmer
32c6241b-3744-4793-9527-1263ed386125,TKM039,agua con gas 3 ltros,ALIMENTOS Y BEBIDAS,photo du produit à identifier et droits à confirmer
627586ed-e784-4b5b-b40f-17fa99a4fe05,THPQ03,agua con gas 500 ml,ALIMENTOS Y BEBIDAS,photo du produit à identifier et droits à confirmer
a98ef021-76b7-403f-9370-3e94da1813e6,TLE003,agua destilada,FERRETERÍA,photo du produit à identifier et droits à confirmer
e9c9f7c9-5e9d-4c39-ae85-b485aa8ba1d0,MED100,agua oxigenada,MEDICINA,photo du produit à identifier et droits à confirmer
63a27b55-fcc6-4efd-842e-659962094a87,AGUA001,agua sin gas 300 ml,ALIMENTOS Y BEBIDAS,photo du produit à identifier et droits à confirmer
238f8cda-4bc7-4114-aaa0-03331d96cf4b,TEPS31,agua sin gas 600 ml,ALIMENTOS Y BEBIDAS,photo du produit à identifier et droits à confirmer
88b80be6-0ed2-4bfa-9de9-b98d4dcaffda,PORC002,agua sin gas de 5 litros,ALIMENTOS Y BEBIDAS,photo du produit à identifier et droits à confirmer
3faa9625-88be-45f6-b00e-34e86315b77f,MICR005,agujas,"MUEBLES, HOGAR Y BAZAR",photo du produit à identifier et droits à confirmer
4f95a264-07e9-4a01-9bbb-38a6d9cf254e,DETG008,aire comprimido para limpieza computacional,"COMPUTACIÓN, TECNOLOGÍA Y ACCESORIOS",photo du produit à identifier et droits à confirmer
758df616-b876-472b-838a-4432b5aab1d8,TLESC3,alcohol antiseptico de 250 ml,LIMPIEZA,photo du produit à identifier et droits à confirmer
3fd0d961-4670-422e-8043-1a278c4c3e1c,TEPS69,alercet 10 mg caja de 10,MEDICINA,photo du produit à identifier et droits à confirmer
8f3c7b64-87d1-4e83-ad4b-1f0e5da8a1e5,TEPS70,alercet-d caja de 10,MEDICINA,photo du produit à identifier et droits à confirmer
c388da80-94b5-4329-8f54-0c94671764f9,THPC50,alevian duo 100/300 mg capsula,MEDICINA,photo du produit à identifier et droits à confirmer
a3954097-6dbd-4236-bebd-95a309868fa4,TLE026,alfajores en paquete,ALIMENTOS Y BEBIDAS,photo du produit à identifier et droits à confirmer
0193de09-1f72-471b-a0fa-470f77365274,ALF001,alfombra - rodapie,"MUEBLES, HOGAR Y BAZAR",photo du produit à identifier et droits à confirmer
588adbfe-99d9-42ca-8bd9-2c12e8f27d53,DK0001,alicate - tope,FERRETERÍA,photo du produit à identifier et droits à confirmer
471a3db1-c285-4fe2-b2d2-1c1fe948273f,MED025,alka-seltzer,MEDICINA,photo du produit à identifier et droits à confirmer
1e98d00e-7d50-4c7f-b419-c1c8258d52ed,ALME011,almendras en paquete,ALIMENTOS Y BEBIDAS,photo du produit à identifier et droits à confirmer
553dede3-5c81-47e8-bdb9-50c8a971b9f3,TLEE03,almohadilla apoya muñecas,"COMPUTACIÓN, TECNOLOGÍA Y ACCESORIOS",photo du produit à identifier et droits à confirmer
679e11a8-a9c8-4b6a-9375-f8f8fc0b4621,TIEP007,altrom 60 mg ampolla 2 ml,MEDICINA,photo du produit à identifier et droits à confirmer
0606decb-b86c-4528-a942-c00198b80d51,ACE3-1,amaca.,"MUEBLES, HOGAR Y BAZAR",photo du produit à identifier et droits à confirmer
1344dc6a-83fb-49e0-92d2-cea818e9fa97,TIEP008,amefin 300 mg capsula,MEDICINA,photo du produit à identifier et droits à confirmer
e9c4e74a-def1-4f30-9e6d-f7575c40bfe9,AMOX01,amoxicilina 500 mg,MEDICINA,photo du produit à identifier et droits à confirmer
e961923b-9b18-47f9-9c85-84591b87bc07,TIHP103,ampliurina forte caja de 50,MEDICINA,photo du produit à identifier et droits à confirmer
c39d0982-6119-40a4-a2a0-1a96dbd995f1,DESF005,antisarro galon,LIMPIEZA,photo du produit à identifier et droits à confirmer
f79c75d8-b3fc-4793-89a3-c072606a2b42,TLE027,aplanchados en paquete,ALIMENTOS Y BEBIDAS,photo du produit à identifier et droits à confirmer
43de5b0f-a1ec-4ff7-a810-1f72b7c0cc96,MED102,apronax 550 mg,MEDICINA,photo du produit à identifier et droits à confirmer
68807344-489e-4468-93f2-0fe828f82877,MARP018,archivador acordeon de cheques nucallacta,SUMINISTROS DE OFICINA,photo du produit à identifier et droits à confirmer
9302e94c-7a37-4a8a-9f4b-ee5a913b04b5,ARAC003,archivador acordeon norma oficio,SUMINISTROS DE OFICINA,photo du produit à identifier et droits à confirmer
78a81b97-9f0a-489a-81ca-288a1633714d,ARTE001,archivador desk oficio lomo 4 colores,SUMINISTROS DE OFICINA,photo du produit à identifier et droits à confirmer
f2911768-d85d-45e7-8ffc-eca19eac3b83,MARP023,archivador metalico,"MUEBLES, HOGAR Y BAZAR",photo du produit à identifier et droits à confirmer
ef7f0e51-83f3-4b6a-9f96-3db8350c9bfc,TLEL06,aspiradora,"MUEBLES, HOGAR Y BAZAR",photo du produit à identifier et droits à confirmer
0f3a6714-22bf-401e-afe5-b13431442dad,MED103,aspirina caja,MEDICINA,photo du produit à identifier et droits à confirmer
d7c9384c-6adf-49bc-afc8-e25a9f0a722b,TLEC09,asta de bandera,"MUEBLES, HOGAR Y BAZAR",photo du produit à identifier et droits à confirmer
5bc895ee-78e8-4b11-bf9a-beb8dcdb3f64,ATOM008,atomizador - embudo plastico,LIMPIEZA,photo du produit à identifier et droits à confirmer
8d4c451a-97b8-47ba-945d-eb0a72950220,MARP001,atornillador inalambrico,FERRETERÍA,photo du produit à identifier et droits à confirmer
6d97d345-a6a2-426c-bf51-0236bd75f964,THPC51,atorvastatina 40 mg capsula,MEDICINA,photo du produit à identifier et droits à confirmer
34fd6313-13fe-42d2-9672-14423f10c52a,TARJ002,atranca puertas,FERRETERÍA,photo du produit à identifier et droits à confirmer
f4a6f3c1-960f-4f42-888e-40263e447292,ARTC005,avena,ALIMENTOS Y BEBIDAS,photo du produit à identifier et droits à confirmer
f290aeb9-a52c-4a6d-9008-b26ed537ec04,EPS120,azitromicina 500 mg caja de 5,MEDICINA,photo du produit à identifier et droits à confirmer
a481fff4-a2aa-4a8d-9731-f2f2c6367618,AZRE001,azucar blanca 1 kilo,ALIMENTOS Y BEBIDAS,photo du produit à identifier et droits à confirmer
22f538f9-89d1-4997-ac64-0e0c17628977,AZRE006,azucar blanca 5 kilos,ALIMENTOS Y BEBIDAS,photo du produit à identifier et droits à confirmer
7b5641ae-3286-4447-9af6-3584725564f9,AZDI001,azucar especial,ALIMENTOS Y BEBIDAS,photo du produit à identifier et droits à confirmer
ec8382be-c270-47a9-a227-75609ee8bb53,TLEO17,azucar morena 1 kilo,ALIMENTOS Y BEBIDAS,photo du produit à identifier et droits à confirmer
00b6970c-c7ce-4786-983e-e6ab87e91c5e,CINT025,azucar morena 100 sobres en caja,ALIMENTOS Y BEBIDAS,photo du produit à identifier et droits à confirmer
25e3a5c9-03ee-4428-8dd9-673a5e3aaa31,DETG010,azucar quintal,ALIMENTOS Y BEBIDAS,photo du produit à identifier et droits à confirmer
fa904b44-1dd1-410e-8cd5-b96c3ab8cadf,AZDI003,azucar splenda 100 sobres en caja,ALIMENTOS Y BEBIDAS,photo du produit à identifier et droits à confirmer
b691abc7-a152-43d8-85e7-12d1d20ffc43,AZDI004,azucar splenda 200 sobres en caja,ALIMENTOS Y BEBIDAS,photo du produit à identifier et droits à confirmer
cd35ef5b-abb0-40f1-a449-39880345b56e,THPC160,azucar splenda mas stevia natural 80 sobres en caja,ALIMENTOS Y BEBIDAS,photo du produit à identifier et droits à confirmer
c0f4a14b-5bd5-4c80-b317-eafd8bf05f16,TCAB69,azucar stevia life 100 sobres en caja,ALIMENTOS Y BEBIDAS,photo du produit à identifier et droits à confirmer
22424e39-a8db-48ac-a1df-dfd5fdd0c371,AZDI002,azucar stevia life 200 sobres en caja,ALIMENTOS Y BEBIDAS,photo du produit à identifier et droits à confirmer
d0f2a0da-871d-4384-8463-5275d83b864a,DETG012,balon de futbol-indor,SUMINISTROS ESCOLARES,photo du produit à identifier et droits à confirmer
56e15e28-aa6e-46ef-8fa0-9f239ce1bdfd,ATC005,banco - escalera,FERRETERÍA,photo du produit à identifier et droits à confirmer
7654e038-a961-4213-bbf1-58a880a1719d,TKY003,bandas elasticas,MEDICINA,photo du produit à identifier et droits à confirmer
d5eebaa3-05e3-4978-900e-5d1f936a536c,PIZA017,banderas,"MUEBLES, HOGAR Y BAZAR",photo du produit à identifier et droits à confirmer
f22c9e8b-badf-4813-b8af-51088ee24eaf,GALL003,barras energeticas,ALIMENTOS Y BEBIDAS,photo du produit à identifier et droits à confirmer
1bbad7bf-1783-482c-9c3c-02ce901faab0,THPCB7,basurero con malla metalico mediano,LIMPIEZA,photo du produit à identifier et droits à confirmer
a51b906d-f701-4919-94d7-f3b8b2ea1918,TSHA02,basurero plastico grande con tapa,LIMPIEZA,photo du produit à identifier et droits à confirmer
19b4d88e-4b6b-4b20-acea-fb0475ff6cf5,TSHA01,basurero plastico mediano con tapa,LIMPIEZA,photo du produit à identifier et droits à confirmer
bd5a6cbd-43fd-4e7c-a061-2708e1f40cbb,GASE004,bebida,ALIMENTOS Y BEBIDAS,photo du produit à identifier et droits à confirmer
3a544e79-a57d-4e14-9057-5904c36bc31b,BZAP01,betun para zapatos 70 mm negro,LIMPIEZA,photo du produit à identifier et droits à confirmer
25cb06a7-8478-43e5-be27-606ccabfe30f,TKM050,bicarbonato,LIMPIEZA,photo du produit à identifier et droits à confirmer
77d09265-4731-42a3-824d-cf5361ebb094,TLEO14,bidon,FERRETERÍA,photo du produit à identifier et droits à confirmer
f5e41129-da8b-4bc7-bcd1-31a4c42b6a26,TIHP105,bienex - meloxican 15 mg caja de 10,MEDICINA,photo du produit à identifier et droits à confirmer
6e8932bd-f7da-4da4-8178-b9bbbe61df46,BISC016,bizcochos salados,ALIMENTOS Y BEBIDAS,photo du produit à identifier et droits à confirmer
84244c5e-0fb1-4143-869b-a47349f272ea,THPC55,blaqueta 81 mg,MEDICINA,photo du produit à identifier et droits à confirmer
df3a78cb-d940-4c3c-add8-8c4a59054381,BLOQ003,block ejecutivo especial,SUMINISTROS DE OFICINA,photo du produit à identifier et droits à confirmer
69e02ad7-b95a-42c7-a78d-edb11fd0b504,BLOQ001,block ejecutivo norma amarillo lineas o cuadros,SUMINISTROS DE OFICINA,photo du produit à identifier et droits à confirmer
2518dcc7-837f-465e-8e02-0737d2d6a658,MED002,bloqueador solar,HIGIENE,photo du produit à identifier et droits à confirmer
3a24c370-6889-49f7-aa68-5d2c5fef24f3,TLEO33,bolas de hidrogel,SUMINISTROS ESCOLARES,photo du produit à identifier et droits à confirmer
6a55a0e3-5561-4a03-9262-38f9f9035eaf,TCAC42,bomba destapa cañerias industrial,LIMPIEZA,photo du produit à identifier et droits à confirmer
00d8d7d6-41a0-4f7c-8d71-a3161a461175,TLEO05,bombillos,"MUEBLES, HOGAR Y BAZAR",photo du produit à identifier et droits à confirmer
c6665577-dae6-4459-8c63-4bfa62e50520,CHOC012,bombones nestle funda,ALIMENTOS Y BEBIDAS,photo du produit à identifier et droits à confirmer
5854ec64-5571-449f-b04c-9fd5141f52da,CHOC013,bombones platillo nestle funda grande,ALIMENTOS Y BEBIDAS,photo du produit à identifier et droits à confirmer
652d4d76-0906-4e3c-ad6d-b0bfce8fa13d,TLEO43,borrador de pared,LIMPIEZA,photo du produit à identifier et droits à confirmer
12e3878f-9076-499f-95c0-a1f3407738da,BOR004,borrador de queso o mixto varias marcas,SUMINISTROS DE OFICINA,photo du produit à identifier et droits à confirmer
6f6d1fd8-3d99-4197-87f8-9194b36a3dc8,TLEC15,borrador de queso pz-60,SUMINISTROS ESCOLARES,photo du produit à identifier et droits à confirmer
7b648b30-f9b7-4057-aa7e-f5f732cf8253,BORR006,borrador de queso rotring b20,SUMINISTROS DE OFICINA,photo du produit à identifier et droits à confirmer
56f2ff7f-d5df-449c-94ab-e89bec3ed0e1,CALI1,borrador de repuesto para portaminas rotring,SUMINISTROS DE OFICINA,photo du produit à identifier et droits à confirmer
21f68ac8-7ef0-4cfb-9ae2-4cce8b6fdbbd,ATC058,botas-agua-industriales,SEGURIDAD INDUSTRIAL,photo du produit à identifier et droits à confirmer
dd695ba8-17aa-4561-8c34-4a7a60b38f20,TICA030,botella dispensador de jabon liquido 800 ml,LIMPIEZA,photo du produit à identifier et droits à confirmer
d0010bdf-d5ba-42a7-abcf-aebf1609adf9,BAG001,botellon de agua,ALIMENTOS Y BEBIDAS,photo du produit à identifier et droits à confirmer
2856c0d5-5366-4673-9706-75dd64bfc787,BRO001,brocha - rodillo,FERRETERÍA,photo du produit à identifier et droits à confirmer
5c11747f-7805-4c1a-a9e6-3cf520a084a2,TIHP099,broncotosil 8 mg caja de 15,MEDICINA,photo du produit à identifier et droits à confirmer
0c96d271-eeee-4efa-80be-00d24f3149bd,MED005,buprex comprimidos 400 mg caja de 10,MEDICINA,photo du produit à identifier et droits à confirmer
0002778a-aa6b-4610-a01b-b4af16e8d1ae,MED105,buscapina compositum nf,MEDICINA,photo du produit à identifier et droits à confirmer
a1025c6f-5ff7-48be-9f09-07ed7ce61e54,TIHP110,cabezal hp 88 c9382a magenta y cyan,"COMPUTACIÓN, TECNOLOGÍA Y ACCESORIOS",photo du produit à identifier et droits à confirmer
ae441aef-dfca-4841-b025-4b4840a52977,THPC181,cabezal hp c 9381-a black-yellow,"COMPUTACIÓN, TECNOLOGÍA Y ACCESORIOS",photo du produit à identifier et droits à confirmer
307a0548-77e7-40ec-bd05-d8ccf3a95519,CABL004,cable de celular o cargador completo,"COMPUTACIÓN, TECNOLOGÍA Y ACCESORIOS",photo du produit à identifier et droits à confirmer
c712c8ad-3937-464b-b588-59968bdc96e7,CABL002,cable de extension usb varios usos,"COMPUTACIÓN, TECNOLOGÍA Y ACCESORIOS",photo du produit à identifier et droits à confirmer
8b9725e6-731c-49e3-baba-af0e248500b8,CIMP003,cable hdmi,"COMPUTACIÓN, TECNOLOGÍA Y ACCESORIOS",photo du produit à identifier et droits à confirmer
6bd2a781-da8a-450e-8b31-4817718faef0,CARE001,cafe buendia,ALIMENTOS Y BEBIDAS,photo du produit à identifier et droits à confirmer
ce3b9273-3644-47f3-b1d8-aa9af5a0ed8f,CACP004,cafe capuchino o mocachino,ALIMENTOS Y BEBIDAS,photo du produit à identifier et droits à confirmer
10a7b133-fc5c-48de-88b8-4f555859bf90,CADS001,cafe descafeinado,ALIMENTOS Y BEBIDAS,photo du produit à identifier et droits à confirmer
edce09d7-a662-4afe-94b7-8e303c23f510,CINT054,cafe en capsulas nescafe dolce gusto americano,ALIMENTOS Y BEBIDAS,photo du produit à identifier et droits à confirmer
0a4aa7c1-d9b8-4147-a0b9-53fe0e490ce3,CARE0016,cafe en capsulas nescafe dolce gusto capuccino,ALIMENTOS Y BEBIDAS,photo du produit à identifier et droits à confirmer
d9ff637d-8206-481b-9018-5480ecfc5307,CINT006,cafe en capsulas nescafe dolce gusto chococino,ALIMENTOS Y BEBIDAS,photo du produit à identifier et droits à confirmer
12574b72-30c0-4e62-9f46-12675f2d11ed,CINT013,cafe en capsulas nescafe dolce gusto expresso,ALIMENTOS Y BEBIDAS,photo du produit à identifier et droits à confirmer
57d610ae-4d72-4f19-9c21-314b1ad5a107,CINT037,cafe en capsulas nescafe dolce gusto latte macchiato,ALIMENTOS Y BEBIDAS,photo du produit à identifier et droits à confirmer
13359b9d-d4aa-4c6e-9c5e-c8182f2b6586,TICA002,cafe en grano 4 libras,ALIMENTOS Y BEBIDAS,photo du produit à identifier et droits à confirmer
e920efad-7930-4e30-850f-fde1df86b003,TXE090,cafe en grano minerva gourmet 340 gr,ALIMENTOS Y BEBIDAS,photo du produit à identifier et droits à confirmer
60bd3ce6-3315-4b1a-8c32-17a6f0c4b2e3,CAF011,cafe en grano o para pasar gardella,ALIMENTOS Y BEBIDAS,photo du produit à identifier et droits à confirmer
7f81b76a-7408-4073-ba85-15e346f5ea3f,TLE032,cafe instantaneo 500 gr,ALIMENTOS Y BEBIDAS,photo du produit à identifier et droits à confirmer
be0ab999-1c46-4e7e-b96a-d22ef90c8d12,CARE004,cafe instantaneo colcafe 170 gr,ALIMENTOS Y BEBIDAS,photo du produit à identifier et droits à confirmer
88d71e07-7603-4b04-b831-fdb92d21f072,TLESC1,cafe instantaneo colcafe 85 gr,ALIMENTOS Y BEBIDAS,photo du produit à identifier et droits à confirmer
673d9562-73fd-4e32-9072-55cd27741ba0,CARE014,cafe instantaneo juan valdez,ALIMENTOS Y BEBIDAS,photo du produit à identifier et droits à confirmer
d1dd3b8b-debb-45b8-8b35-f7a8337a1e4e,TLE033,cafe instantaneo minerva en frasco minerva,ALIMENTOS Y BEBIDAS,photo du produit à identifier et droits à confirmer
0b24be06-a81f-4816-8e0d-de3a762f7ade,CARE007,cafe instantaneo nescafe 160 gr,ALIMENTOS Y BEBIDAS,photo du produit à identifier et droits à confirmer
ac20c00a-f280-4939-bdc3-4f42fcf0d8c7,TLEO81,cafe instantaneo nescafe gold 200 gr,ALIMENTOS Y BEBIDAS,photo du produit à identifier et droits à confirmer
789f9fe9-9f77-47a9-b0bd-a70549ff3a65,CARE003,cafe instantaneo nescafe tradicional190 gr,ALIMENTOS Y BEBIDAS,photo du produit à identifier et droits à confirmer
57099e52-21da-41e9-81e7-0c677ebdb33e,CARE002,cafe nescafe repuesto,ALIMENTOS Y BEBIDAS,photo du produit à identifier et droits à confirmer
88a23972-d41f-4777-965b-947269c9f398,TLE031,cafe para para pasar galletti 1 kg,ALIMENTOS Y BEBIDAS,photo du produit à identifier et droits à confirmer
8a0c9ba4-434d-4d09-8933-e1329f229283,TLEO82,cafe para pasar 1 kg,ALIMENTOS Y BEBIDAS,photo du produit à identifier et droits à confirmer
ab82808f-ca37-4646-bf76-93c6e9060656,CARE011,cafe para pasar juan valdez especial,ALIMENTOS Y BEBIDAS,photo du produit à identifier et droits à confirmer
c5eb6e8c-468c-40e7-aa95-da55c791c919,THPC12,cafe para pasar minerva clasico 200 gr,ALIMENTOS Y BEBIDAS,photo du produit à identifier et droits à confirmer
9d55874f-0c4d-4fa8-8c06-94ee8d7b868f,CARE008,cafe para pasar minerva clasico 400 gr,ALIMENTOS Y BEBIDAS,photo du produit à identifier et droits à confirmer
7be39bf8-b27a-47f7-b2ec-66cb6f5467ba,TEPS46,cafe para pasar minerva especial 500 gr,ALIMENTOS Y BEBIDAS,photo du produit à identifier et droits à confirmer
851bfc53-6856-48b4-b2e1-9025b69b4ab5,THPQ61,cafe para pasar montañes,ALIMENTOS Y BEBIDAS,photo du produit à identifier et droits à confirmer
e366e0c1-1607-4114-9e9b-42266199943a,MARP012,cafe para pasar velez,ALIMENTOS Y BEBIDAS,photo du produit à identifier et droits à confirmer
ae01b8dd-d8f2-46ac-8edc-6be38551825d,CARE012,cafe sweet & coffee,ALIMENTOS Y BEBIDAS,photo du produit à identifier et droits à confirmer
3a536dfc-e462-482b-88a4-122e7c0462ab,FILM008,cafetera dolce gusto,EQUIPOS E IMPLEMENTOS DE COCINA Y CAFETERÍA,photo du produit à identifier et droits à confirmer
376352e0-c16f-4059-b158-92061ddabb7c,CARE010,caffe lato 285 cm3,ALIMENTOS Y BEBIDAS,photo du produit à identifier et droits à confirmer
90965ba0-1fde-4d0b-b3db-18883eb815c7,CARN005,caja de carton varias medidas,SUMINISTROS DE OFICINA,photo du produit à identifier et droits à confirmer
6f003609-75d4-4e03-8637-ce9ec53b7fc4,CAJ004,caja de herramientas,FERRETERÍA,photo du produit à identifier et droits à confirmer
4cc370ed-3879-4323-9ebc-9fd8e415c7c4,CINT027,caja fuerte,EQUIPOS DE OFICINA,photo du produit à identifier et droits à confirmer
4e97f4e8-fe18-4b7e-9676-b0a1004cba94,ARTC004,caja plastica o metalica,"MUEBLES, HOGAR Y BAZAR",photo du produit à identifier et droits à confirmer
96d0a615-9ee0-49c4-afe3-af3121613c9f,CAL082,calculadora casio fx-82 cientifica,SUMINISTROS DE OFICINA,photo du produit à identifier et droits à confirmer
8c610e47-79b0-4bd6-89df-e1786ad8bc74,CAL007,calculadora casio fx-850 plus cientifica,SUMINISTROS DE OFICINA,photo du produit à identifier et droits à confirmer
3d237aad-569f-4059-b60f-99b7f29c9a8a,TXE154,calefactor,"MUEBLES, HOGAR Y BAZAR",photo du produit à identifier et droits à confirmer
39e06e93-602a-4246-86dc-9cc1c10b888a,CAS005,camara,"COMPUTACIÓN, TECNOLOGÍA Y ACCESORIOS",photo du produit à identifier et droits à confirmer
71c6c607-fae8-4091-a712-c61d6c133704,CAN001,candado con clave para locker,FERRETERÍA,photo du produit à identifier et droits à confirmer
2bd3e223-0ffd-4573-ad91-b9b74af78808,CAN003,candado varios tamaños,FERRETERÍA,photo du produit à identifier et droits à confirmer
95a64ec3-f720-4c84-9f20-92dd6abe206c,TCAB106,canela - pimienta - clavo de olor,ALIMENTOS Y BEBIDAS,photo du produit à identifier et droits à confirmer
384140fd-5ecb-4d43-815b-47c26ade3806,TXE102,capucha de tela especial,SEGURIDAD INDUSTRIAL,photo du produit à identifier et droits à confirmer
50be25a7-0034-4875-9c36-c32a545e8ad4,TIEP004,caramelos american bombones rellenos en paquete,ALIMENTOS Y BEBIDAS,photo du produit à identifier et droits à confirmer
95807296-de12-449f-86f3-06517f0a694a,CARA006,caramelos claritas en paquete,ALIMENTOS Y BEBIDAS,photo du produit à identifier et droits à confirmer
825d304a-d235-49c9-be8c-b3d5a722bfe9,CARA003,caramelos granizo en paquete,ALIMENTOS Y BEBIDAS,photo du produit à identifier et droits à confirmer
e279df06-1e7d-40f0-bcb5-2bd899ac9fa3,CARA002,caramelos masticables surtidos en paquete,ALIMENTOS Y BEBIDAS,photo du produit à identifier et droits à confirmer
444abe95-524e-482f-8645-1973029b316c,CARA001,caramelos masticables zumo en paquete,ALIMENTOS Y BEBIDAS,photo du produit à identifier et droits à confirmer
84f25c82-c6c4-48c3-aa0f-a7b85f435d63,TEPS55,caramelos sin azucar,ALIMENTOS Y BEBIDAS,photo du produit à identifier et droits à confirmer
66d8ec6b-9324-4ae9-a859-349936c3d044,CARA005,caramelos surtidos en paquete,ALIMENTOS Y BEBIDAS,photo du produit à identifier et droits à confirmer
dd672e1a-87b5-40a8-8a82-81b5798c01a8,CARA007,caramelos toffee en paquete,ALIMENTOS Y BEBIDAS,photo du produit à identifier et droits à confirmer
96b921ba-9e1c-43cf-9763-deaf2ef00f9f,TLE018,cardura xl 4 mg,MEDICINA,photo du produit à identifier et droits à confirmer
8e0418ea-5a50-4699-94d4-aa8d6b1ae034,BOLA01,careta de soldadura jackson safety,SEGURIDAD INDUSTRIAL,photo du produit à identifier et droits à confirmer
5d50bcb0-c982-455f-b8d3-6a9579cf8614,THPC89,carpa,"MUEBLES, HOGAR Y BAZAR",photo du produit à identifier et droits à confirmer
612648f2-79f2-4981-aa00-03c0a737b1bf,CAP2004,carpeta 2 anillos a4 encapsulada lomo 10,SUMINISTROS DE OFICINA,photo du produit à identifier et droits à confirmer
5e940313-44a4-4230-991d-ab6db0a44d89,CAP3004,carpeta 3 anillos a4 encapsulada lomo 10,SUMINISTROS DE OFICINA,photo du produit à identifier et droits à confirmer
72f54dba-77c7-4b20-aef9-ad224b3db39d,ATC024,"carpeta catalogo 3 anillos carta lomo 2""",SUMINISTROS DE OFICINA,photo du produit à identifier et droits à confirmer
5f26eb9a-0134-4928-8b3e-7a6cfbbd25f3,ATC025,"carpeta catalogo 3 anillos carta lomo 3""",SUMINISTROS DE OFICINA,photo du produit à identifier et droits à confirmer
a727b1c5-0a34-4c1e-97b4-9e01a4764178,ATC042,"carpeta catalogo 3 anillos carta lomo 4""",SUMINISTROS DE OFICINA,photo du produit à identifier et droits à confirmer
07798c24-ec3b-4298-bc9b-ea445a9dc8d3,CPN002,carpeta para computacion normadata varios tamaños,SUMINISTROS DE OFICINA,photo du produit à identifier et droits à confirmer
df91f5f1-7e5f-4123-9f98-464d68c899fb,TLEC08,carteles didacticos,SUMINISTROS ESCOLARES,photo du produit à identifier et droits à confirmer
53e58c0c-e706-4879-a278-c4645c72b98c,TEPS13,cartuchera,SUMINISTROS ESCOLARES,photo du produit à identifier et droits à confirmer
5a1cc3e0-3b17-4990-bf88-fdef13bc58a8,TLEO02,cartucho canon 067 mf653 colores,"COMPUTACIÓN, TECNOLOGÍA Y ACCESORIOS",photo du produit à identifier et droits à confirmer
7165c333-8d7a-41c3-b127-56f0894d6f14,TCAB46,cartucho canon bc-05 tricolor,"COMPUTACIÓN, TECNOLOGÍA Y ACCESORIOS",photo du produit à identifier et droits à confirmer
bb92dcf8-6c8c-4123-969d-40ae8f26db47,TCAB15,cartucho canon bc1-24 tricolor,"COMPUTACIÓN, TECNOLOGÍA Y ACCESORIOS",photo du produit à identifier et droits à confirmer
46023c00-4a10-4637-a5a7-d66566f1c0a1,TCAB45,cartucho canon bci-6bk black,"COMPUTACIÓN, TECNOLOGÍA Y ACCESORIOS",photo du produit à identifier et droits à confirmer
2765071c-fe66-4c75-878a-09d938212bb7,TCAB55,cartucho canon bji-201bk hc black,"COMPUTACIÓN, TECNOLOGÍA Y ACCESORIOS",photo du produit à identifier et droits à confirmer
0be8035b-d121-4bb8-9b90-acedf71ad7cf,TCAB31,cartucho canon cl 54 color,"COMPUTACIÓN, TECNOLOGÍA Y ACCESORIOS",photo du produit à identifier et droits à confirmer
525ffb32-81c9-4a9c-a23a-39b579abc888,TCAB32,cartucho canon pg 44 negro,"COMPUTACIÓN, TECNOLOGÍA Y ACCESORIOS",photo du produit à identifier et droits à confirmer
1eeddf2c-b9d0-4f31-b1d9-ce8097ea1263,TLEZ03,cartucho epson 73-73n t073320 magenta,"COMPUTACIÓN, TECNOLOGÍA Y ACCESORIOS",photo du produit à identifier et droits à confirmer
587a245d-ddff-4ade-aca9-071a2e91fb53,TCAB80,cartucho generico canon bjc-4000 black,"COMPUTACIÓN, TECNOLOGÍA Y ACCESORIOS",photo du produit à identifier et droits à confirmer
2598d9f2-dd87-4fcb-9716-bd171b1079eb,TCAB79,cartucho generico canon bjc-4000 tricolor,"COMPUTACIÓN, TECNOLOGÍA Y ACCESORIOS",photo du produit à identifier et droits à confirmer
c0c4a3b4-36ba-4e0d-939d-37ec0a53d85e,TIEP001,cartucho generico epson 40 black,"COMPUTACIÓN, TECNOLOGÍA Y ACCESORIOS",photo du produit à identifier et droits à confirmer
2c355027-95a3-4f1f-be1f-2593e0363e62,TEPS20,cartucho generico epson t007 black,"COMPUTACIÓN, TECNOLOGÍA Y ACCESORIOS",photo du produit à identifier et droits à confirmer
8bd7b9e6-f62c-4536-8459-7a00e6fd3ad4,TCAB90,cartucho generico epson t008 tricolor,"COMPUTACIÓN, TECNOLOGÍA Y ACCESORIOS",photo du produit à identifier et droits à confirmer
5cddfecc-e996-4d45-a92f-0f1611f61b42,TCAB82,cartucho generico epson t036 black,"COMPUTACIÓN, TECNOLOGÍA Y ACCESORIOS",photo du produit à identifier et droits à confirmer
55a34663-0335-44b5-997a-2699a2938b0f,TKM005,cartucho generico epson t052 tricolor,"COMPUTACIÓN, TECNOLOGÍA Y ACCESORIOS",photo du produit à identifier et droits à confirmer
7ed9ae45-c429-444e-bd24-bf3858592698,THPQ48,cartucho hp 11 c4813a c4812a color,"COMPUTACIÓN, TECNOLOGÍA Y ACCESORIOS",photo du produit à identifier et droits à confirmer
73c3a544-7d77-4e75-b3f0-89a992553f37,THPCP3,cartucho hp 23 dual c1823tl tricolor,"COMPUTACIÓN, TECNOLOGÍA Y ACCESORIOS",photo du produit à identifier et droits à confirmer
284d3e48-d4ef-4b52-994f-5884c8d4127c,THPC15,cartucho hp 25 51625a tricolor,"COMPUTACIÓN, TECNOLOGÍA Y ACCESORIOS",photo du produit à identifier et droits à confirmer
3974e148-1e4e-4e47-97c8-080e5419d1d3,THPQ26,cartucho hp 26 51626a black,"COMPUTACIÓN, TECNOLOGÍA Y ACCESORIOS",photo du produit à identifier et droits à confirmer
a19b91ce-0c46-4151-bf47-25a17d441051,THPQ51,cartucho hp 41 51641al tricolor,"COMPUTACIÓN, TECNOLOGÍA Y ACCESORIOS",photo du produit à identifier et droits à confirmer
025e2322-6743-4534-906f-93fddabec881,THPC91,cartucho hp 51639a black 51639y color,"COMPUTACIÓN, TECNOLOGÍA Y ACCESORIOS",photo du produit à identifier et droits à confirmer
c9d0a91f-7139-4e60-8999-9d2df16f0b94,THP019,cartucho hp 62xl color c2p07al,"COMPUTACIÓN, TECNOLOGÍA Y ACCESORIOS",photo du produit à identifier et droits à confirmer
2046df59-ca18-46a5-a37a-455260da085b,THP018,cartucho hp 62xl negro c2p05al,"COMPUTACIÓN, TECNOLOGÍA Y ACCESORIOS",photo du produit à identifier et droits à confirmer
04e9a22f-f809-4304-8c1d-8a302d72897a,TCAB48,cartucho hp 711 cz130a cz131a cz132a color,"COMPUTACIÓN, TECNOLOGÍA Y ACCESORIOS",fiche regroupant plusieurs références/couleurs HP 711 ; composition du produit à confirmer
aad971db-8c48-4c02-9973-7e25e2be1b19,THPQ571,cartucho hp 712 3ed77a 3ed78a 3ed79a color 3 pack,"COMPUTACIÓN, TECNOLOGÍA Y ACCESORIOS",fiche regroupant plusieurs références/couleurs HP 712 ; composition du produit à confirmer
79b23669-e171-4148-ba2f-632d311d71ea,THPC120,cartucho hp 92 c9362wl black,"COMPUTACIÓN, TECNOLOGÍA Y ACCESORIOS",photo du produit à identifier et droits à confirmer
f75d64f4-e28a-42e6-9d6e-a7935fd7d64f,TIHP100,cartucho hp 920 ch634a - 920xl cd972al cyan,"COMPUTACIÓN, TECNOLOGÍA Y ACCESORIOS",photo du produit à identifier et droits à confirmer
d3d31ba1-1618-443a-85f2-80fcbe09b294,TIHP101,cartucho hp 920 ch635a - 920xl cd973a magenta,"COMPUTACIÓN, TECNOLOGÍA Y ACCESORIOS",photo du produit à identifier et droits à confirmer
5c24ee45-ee33-435f-a928-f2da92761deb,TIHP102,cartucho hp 920 ch636a - 920xl cd974al yellow,"COMPUTACIÓN, TECNOLOGÍA Y ACCESORIOS",photo du produit à identifier et droits à confirmer
3ee72209-3af0-4b97-aeac-19a7dcc82189,TIHP023,cartucho hp 93 c9361wl tricolor,"COMPUTACIÓN, TECNOLOGÍA Y ACCESORIOS",photo du produit à identifier et droits à confirmer
8be16ce3-0bc3-4dd6-ac05-6f9a4e97f30e,THPC72,"cartucho hp 964 black, cyan, yellow, magenta","COMPUTACIÓN, TECNOLOGÍA Y ACCESORIOS",photo du produit à identifier et droits à confirmer
6f5ad37c-a8dd-4c26-8256-a4c24237dd21,TLEX04,cartucho lexmark 60 17g0060 tricolor,"COMPUTACIÓN, TECNOLOGÍA Y ACCESORIOS",photo du produit à identifier et droits à confirmer
8f5bb83d-0bad-4ae9-81a9-539865199e9c,TKM006,cartucho smith corona para maquina de escribir black,"COMPUTACIÓN, TECNOLOGÍA Y ACCESORIOS",photo du produit à identifier et droits à confirmer
b4251cc1-5363-44c3-82a1-f7b94fbc0cb7,TXE036,cartucho xerox 108r00140 black,"COMPUTACIÓN, TECNOLOGÍA Y ACCESORIOS",photo du produit à identifier et droits à confirmer
3debcf44-e500-47bc-85fc-56ec667535f9,TOAL004,cartucho xerox tinta solida 8500/8550 108r00671 yellow,"COMPUTACIÓN, TECNOLOGÍA Y ACCESORIOS",photo du produit à identifier et droits à confirmer
1733d476-0374-4233-92cb-55d972788dac,THPC115,cartucho zebra zxp7 2500 imagenes,"COMPUTACIÓN, TECNOLOGÍA Y ACCESORIOS",photo du produit à identifier et droits à confirmer
36290f48-07fd-4184-b502-66208fec84f4,TXE163,cartulina duplex,SUMINISTROS DE OFICINA,photo du produit à identifier et droits à confirmer
a9f628be-3804-4080-89e4-a77fd1f7f6c7,THPC19,cartulina especial varios tamaños,SUMINISTROS DE OFICINA,photo du produit à identifier et droits à confirmer
9cb8c67d-130f-46db-9244-52a02d320063,MED503,cataflam 50 mg,MEDICINA,photo du produit à identifier et droits à confirmer
b9b9605e-a166-4c94-b0a6-39b2912d3449,SELL006,caucho de repuesto para sello,SUMINISTROS DE OFICINA,photo du produit à identifier et droits à confirmer
a41a3532-4495-4d01-b2f0-3a3b7dbac6da,CRLQ007,cautin,FERRETERÍA,photo du produit à identifier et droits à confirmer
51d6ac18-64f7-432d-abcd-8dc999beb0a3,CDGR009,cd de limpieza,"COMPUTACIÓN, TECNOLOGÍA Y ACCESORIOS",photo du produit à identifier et droits à confirmer
d5b7f985-05aa-4502-8de4-f995913fe2b3,CDGR001,cd grabable 700 mb 80 min,"COMPUTACIÓN, TECNOLOGÍA Y ACCESORIOS",photo du produit à identifier et droits à confirmer
e3d4c621-45d6-4b42-aa0c-cfa4659b747a,CDGR003,cd grabable 700 mb 80 min cono de 50,"COMPUTACIÓN, TECNOLOGÍA Y ACCESORIOS",photo du produit à identifier et droits à confirmer
02f2cfae-f451-4d26-9154-c70ce269153a,CDGR007,cd grabable imprimible,"COMPUTACIÓN, TECNOLOGÍA Y ACCESORIOS",photo du produit à identifier et droits à confirmer
3d84ef89-e16d-485d-8eab-9631a6c3260d,CDRE003,cd regrabable 650 mb 74 min cono de 100,"COMPUTACIÓN, TECNOLOGÍA Y ACCESORIOS",photo du produit à identifier et droits à confirmer
c6afef66-e378-4a27-8e3b-a27d19f09802,CC0001,cemento de contacto,FERRETERÍA,photo du produit à identifier et droits à confirmer
b83ecf79-e02c-4d11-8a7f-5705cee845fb,CEDN005,cepillo dental varios modelos,HIGIENE,photo du produit à identifier et droits à confirmer
f1891ea9-14de-4915-a96c-75f41a5b3d17,CERA005,cera liquida para marmol,LIMPIEZA,photo du produit à identifier et droits à confirmer
0169c474-5c75-4e2a-b01a-c5823bf9527d,CERA004,cera liquida para pisos de madera o flotante,LIMPIEZA,photo du produit à identifier et droits à confirmer
2ef178f4-d599-4c14-bb2e-85e4548608c7,CERA003,cera liquida polwax para pisos de madera o flotante,LIMPIEZA,photo du produit à identifier et droits à confirmer
c80b61e7-9241-4420-bda3-e61f4f8031c9,TIHP034,cetirizina tableta,MEDICINA,photo du produit à identifier et droits à confirmer
511cd581-f8c3-4221-957e-d37c4f011569,TCAB67,champagne,ALIMENTOS Y BEBIDAS,photo du produit à identifier et droits à confirmer
c32c050d-7e42-45e0-a1f7-3726f27be8d5,CARA008,chicles,ALIMENTOS Y BEBIDAS,photo du produit à identifier et droits à confirmer
c3d228f8-ab55-4b70-9cd8-6d29579b272f,CHIF018,chifles en paquete,ALIMENTOS Y BEBIDAS,photo du produit à identifier et droits à confirmer
656ce1df-8e1f-4e79-8e28-33e5a5328b33,TEPT03,chocolate en polvo 1000 gr,ALIMENTOS Y BEBIDAS,photo du produit à identifier et droits à confirmer
c5ce470f-2362-41c1-bd1d-12fb8b563645,CHOC009,chocolate varias presentaciones,ALIMENTOS Y BEBIDAS,photo du produit à identifier et droits à confirmer
ad03e9df-73bf-434c-9084-35c27f84eb6e,CHOC010,chocolates huevitos universal,ALIMENTOS Y BEBIDAS,photo du produit à identifier et droits à confirmer
01215823-f82e-4049-a02e-fba217d8140b,CARE013,chocolates nestle 500 gr,ALIMENTOS Y BEBIDAS,photo du produit à identifier et droits à confirmer
eca29487-2aa4-48cc-909c-5b550f0c366c,TICA005,cilindro xerox wc 530 fotoreceptor,"COMPUTACIÓN, TECNOLOGÍA Y ACCESORIOS",photo du produit à identifier et droits à confirmer
a3b6462a-0529-4c55-98fe-2f688f12de1b,CINT01,cinta adhesiva teflon,SUMINISTROS DE OFICINA,photo du produit à identifier et droits à confirmer
04f491dc-2664-4562-913d-df80ea87349c,CINT038,cinta correctora de maquina de escribir ibm,"COMPUTACIÓN, TECNOLOGÍA Y ACCESORIOS",photo du produit à identifier et droits à confirmer
9ebdc739-7e21-4b40-adf7-f9fa0c97469a,CRLQ009,cinta correctora punto tomate,"COMPUTACIÓN, TECNOLOGÍA Y ACCESORIOS",photo du produit à identifier et droits à confirmer
aac7bb8a-3626-4b97-b80b-db61d11601cc,THPC84,cinta de embalaje 48 x 200 yardas  transparente,SUMINISTROS DE OFICINA,photo du produit à identifier et droits à confirmer
e0836826-36ff-4b30-9ec2-ad5da7a36665,TLEO39,cinta de embalaje 48x40 yardas cafe,SUMINISTROS DE OFICINA,photo du produit à identifier et droits à confirmer
e6cee875-2865-49f6-944f-68eb42ff7066,TSHA23,cinta de embalaje 72 x 100 yardas transparente,SUMINISTROS DE OFICINA,photo du produit à identifier et droits à confirmer
408ced4e-22a4-4141-bc00-4396a7135636,CINT017,cinta de impresora brother 1030 black,"COMPUTACIÓN, TECNOLOGÍA Y ACCESORIOS",photo du produit à identifier et droits à confirmer
6554c6ce-d081-47a0-9e14-a8629ab321b5,CINT018,cinta de impresora brother 7020 black,"COMPUTACIÓN, TECNOLOGÍA Y ACCESORIOS",photo du produit à identifier et droits à confirmer
7a1acc5b-aa69-4fc5-8cf2-7e1dfddb8a4d,CINT022,cinta de impresora brother 9010 black,"COMPUTACIÓN, TECNOLOGÍA Y ACCESORIOS",photo du produit à identifier et droits à confirmer
9eca9e9a-82ac-4726-9580-28ee4920c295,TILE010,cinta de impresora burroughs ap 1350 - ibm 32 generica black,"COMPUTACIÓN, TECNOLOGÍA Y ACCESORIOS",photo du produit à identifier et droits à confirmer
d4819aa9-730c-4682-b18d-cfcf30fccb39,TIBM04,cinta de impresora burroughs b80-180 cps black,"COMPUTACIÓN, TECNOLOGÍA Y ACCESORIOS",photo du produit à identifier et droits à confirmer
7c6870ab-c1b3-4b12-9379-e068be5c8dd2,TILE012,cinta de impresora citizen swift 24x generica black,"COMPUTACIÓN, TECNOLOGÍA Y ACCESORIOS",photo du produit à identifier et droits à confirmer
1541007c-232c-4ffe-b043-4acef7524349,TLEX05,cinta de impresora epson ex800/1000 no. 8763 generica black,"COMPUTACIÓN, TECNOLOGÍA Y ACCESORIOS",photo du produit à identifier et droits à confirmer
5baa3ddf-7c8f-468d-8150-2c35e9a252f0,TILE004,cinta de impresora epson lq-1500 no. erc-13 generica black,"COMPUTACIÓN, TECNOLOGÍA Y ACCESORIOS",photo du produit à identifier et droits à confirmer
36027cad-5cbe-467a-ac0c-538b1c8373ed,CII026,cinta de impresora epson lq-2180 no. s0115086,"COMPUTACIÓN, TECNOLOGÍA Y ACCESORIOS",photo du produit à identifier et droits à confirmer
891ba795-e939-4b89-8e99-aaae2137c4ad,CINT012,cinta de impresora epson lq-570 no. 7753,"COMPUTACIÓN, TECNOLOGÍA Y ACCESORIOS",photo du produit à identifier et droits à confirmer
c39c6633-8cb0-4ec0-9c7e-19c4bb4f37ed,TLE017,cinta de impresora epson lq-800 generica black,"COMPUTACIÓN, TECNOLOGÍA Y ACCESORIOS",photo du produit à identifier et droits à confirmer
9b4e2370-3b41-494f-a6ce-28bdd140bb44,TLEZ08,cinta de impresora epson lx-300 no. s015073 black,"COMPUTACIÓN, TECNOLOGÍA Y ACCESORIOS","référence Epson S015073 couleur, mais nom GAMA black ; couleur à confirmer"
51701e4d-aac2-4132-ad99-ab3b092a4edf,CINT004,cinta de impresora epson no. erc-09 b,"COMPUTACIÓN, TECNOLOGÍA Y ACCESORIOS",photo du produit à identifier et droits à confirmer
cd6bec32-9db1-45bf-9455-551d97e2b859,TILE001,cinta de impresora ibm 4208 generica black,"COMPUTACIÓN, TECNOLOGÍA Y ACCESORIOS",photo du produit à identifier et droits à confirmer
bb2f6057-7040-403f-b3ba-c7da621ccb26,TILE020,cinta de impresora ibm ejecutiva generica black,"COMPUTACIÓN, TECNOLOGÍA Y ACCESORIOS",photo du produit à identifier et droits à confirmer
b4bc92a7-66ad-46bf-885c-35633798bebd,TILE003,cinta de impresora ibm pro printer xl generica black,"COMPUTACIÓN, TECNOLOGÍA Y ACCESORIOS",photo du produit à identifier et droits à confirmer
23a5e7ff-61fc-4966-9233-4b7a7f44d214,TIBM01,cinta de impresora ibm system 34 generica black,"COMPUTACIÓN, TECNOLOGÍA Y ACCESORIOS",photo du produit à identifier et droits à confirmer
c6cdca1f-caed-4f4f-ad35-606dc3e39775,TLE016,cinta de impresora ibm system 38 generica black,"COMPUTACIÓN, TECNOLOGÍA Y ACCESORIOS",photo du produit à identifier et droits à confirmer
8b704ee0-0bff-48e0-b54e-f74e1f47b2f6,TILE018,cinta de impresora ibm/lexmark 2380-2390 generica black,"COMPUTACIÓN, TECNOLOGÍA Y ACCESORIOS",photo du produit à identifier et droits à confirmer
01a42b74-d685-40dd-9bff-70a6008f1218,TLE059,cinta de impresora lexmark 11a3540 black,"COMPUTACIÓN, TECNOLOGÍA Y ACCESORIOS",photo du produit à identifier et droits à confirmer
16c86fad-408f-48f1-9675-88660ffda3c8,CIMLEX,cinta de impresora lexmark no. 3070166 black,"COMPUTACIÓN, TECNOLOGÍA Y ACCESORIOS",photo du produit à identifier et droits à confirmer
b6dee25d-04bd-4e31-9463-a42873dcfa81,CIOKID,cinta de impresora okidata no. 320 - 321,"COMPUTACIÓN, TECNOLOGÍA Y ACCESORIOS",photo du produit à identifier et droits à confirmer
1c75b93d-959a-42bb-ba6c-835da3aedc0f,TILE019,cinta de impresora panasonic kxp 1124 generica black,"COMPUTACIÓN, TECNOLOGÍA Y ACCESORIOS",photo du produit à identifier et droits à confirmer
fc065327-4053-4037-981f-c37ea46b5b71,TLE052,cinta de impresora universal norma 20550030 generica bicolor,"COMPUTACIÓN, TECNOLOGÍA Y ACCESORIOS",photo du produit à identifier et droits à confirmer
cc231b74-0765-40fb-944d-5e74d3f2733a,TILE009,cinta de maquina de escribir brother em 701 generica black,"COMPUTACIÓN, TECNOLOGÍA Y ACCESORIOS",photo du produit à identifier et droits à confirmer
466069d4-ed68-490b-88d9-ee3094fd0cc4,TIRI002,cinta de maquina de escribir brother em-100/200 generica black,"COMPUTACIÓN, TECNOLOGÍA Y ACCESORIOS",photo du produit à identifier et droits à confirmer
53cce7ae-44b6-4f32-8fa5-511f20c79393,TLE049,cinta de maquina de escribir canon ap200 generica black,"COMPUTACIÓN, TECNOLOGÍA Y ACCESORIOS",photo du produit à identifier et droits à confirmer
ec24d168-2150-4939-8af5-c8cfce4dccf8,TRIC10,cinta de maquina de escribir correctora xerox 8r2971,"COMPUTACIÓN, TECNOLOGÍA Y ACCESORIOS",photo du produit à identifier et droits à confirmer
5f72e4b8-5813-4f9e-9c5b-3a21d372711f,TLE057,cinta de maquina de escribir ibm 1299315 black,"COMPUTACIÓN, TECNOLOGÍA Y ACCESORIOS",photo du produit à identifier et droits à confirmer
71c97cf5-4b23-4e88-aa55-999e71032905,TLE053,cinta de maquina de escribir ibm 1299790 black,"COMPUTACIÓN, TECNOLOGÍA Y ACCESORIOS",photo du produit à identifier et droits à confirmer
903d0c9c-5f15-411d-b8af-376a8ef46ce9,TLE051,cinta de maquina de escribir ibm 196-c generica black,"COMPUTACIÓN, TECNOLOGÍA Y ACCESORIOS",photo du produit à identifier et droits à confirmer
9f9ee227-6bd5-4e3f-b04e-01d52e919a74,TLE055,cinta de maquina de escribir ibm 7861862 black,"COMPUTACIÓN, TECNOLOGÍA Y ACCESORIOS",photo du produit à identifier et droits à confirmer
46b49785-cccd-43cc-846c-ac2d3dd035b7,TLE012,cinta de maquina de escribir ibm selectric 72 generica black,"COMPUTACIÓN, TECNOLOGÍA Y ACCESORIOS",photo du produit à identifier et droits à confirmer
c1bd20b3-8bde-454c-aa0d-d65fb8c31143,TILE007,cinta de maquina de escribir ibm wheel writer cr generica black,"COMPUTACIÓN, TECNOLOGÍA Y ACCESORIOS",photo du produit à identifier et droits à confirmer
29468009-fde9-4169-ba41-79e7482ad80a,TIRI003,cinta de maquina de escribir nakajima ax-210/220 generica bl,"COMPUTACIÓN, TECNOLOGÍA Y ACCESORIOS",photo du produit à identifier et droits à confirmer
4bc9effd-fd1f-4837-bdf1-8d7e599ff95c,TILE011,cinta de maquina de escribir nakajima ny generica black,"COMPUTACIÓN, TECNOLOGÍA Y ACCESORIOS",photo du produit à identifier et droits à confirmer
cdf99362-4b6c-4638-9948-a81c7e8d531e,CINT029,cinta de maquina de escribir negra no. 10,"COMPUTACIÓN, TECNOLOGÍA Y ACCESORIOS",photo du produit à identifier et droits à confirmer
31bef793-3fc6-47a3-b453-2ff26fde944c,TIRI001,cinta de maquina de escribir neither ce 60 generica black,"COMPUTACIÓN, TECNOLOGÍA Y ACCESORIOS",photo du produit à identifier et droits à confirmer
b5a553f0-cd5f-411e-9292-1ea6a8215abe,TLE001,cinta de maquina de escribir no. 10 generica black,"COMPUTACIÓN, TECNOLOGÍA Y ACCESORIOS",photo du produit à identifier et droits à confirmer
89351f35-1ff6-46c0-9bac-14038d23f722,TLE050,cinta de maquina de escribir olimpia esw-300 generica black,"COMPUTACIÓN, TECNOLOGÍA Y ACCESORIOS",photo du produit à identifier et droits à confirmer
65f37dd6-280d-47e1-9c6c-77bd3a3e99f7,TILE006,cinta de maquina de escribir panasonic kx-r - brother ax-10 generica black,"COMPUTACIÓN, TECNOLOGÍA Y ACCESORIOS",photo du produit à identifier et droits à confirmer
22684d33-30f1-4706-94a1-155884b1d407,CINT072,cinta de maquina de escribir pelikan,"COMPUTACIÓN, TECNOLOGÍA Y ACCESORIOS",photo du produit à identifier et droits à confirmer
a8be1d9c-cc06-40a0-83c7-b1723826396d,TILE028,cinta de maquina de escribir sharp zx-400 generica black,"COMPUTACIÓN, TECNOLOGÍA Y ACCESORIOS",photo du produit à identifier et droits à confirmer
8c1d3a69-f224-47d1-bc31-bc86e20b6e85,TILE005,cinta de maquina de escribir smith corona generica black,"COMPUTACIÓN, TECNOLOGÍA Y ACCESORIOS",photo du produit à identifier et droits à confirmer
49fdbf2b-5dad-42b4-8988-d646f210dc8b,TILE013,cinta de maquina de escribir tecnoprint 1114 generica black,"COMPUTACIÓN, TECNOLOGÍA Y ACCESORIOS",photo du produit à identifier et droits à confirmer
8b2fef5a-3170-4a75-9572-1688223dfb93,TILE015,cinta de maquina de escribir towa ex 7 generica black,"COMPUTACIÓN, TECNOLOGÍA Y ACCESORIOS",photo du produit à identifier et droits à confirmer
8572b903-2ae3-433a-86cf-ea8984ebc96b,TLE054,cinta de maquina de escribir xerox 600 generica black,"COMPUTACIÓN, TECNOLOGÍA Y ACCESORIOS",photo du produit à identifier et droits à confirmer
dcaddcfc-4cea-4f64-be5d-b86ed0b83001,TILE022,cinta de maquina de escribir xerox 610 generica black,"COMPUTACIÓN, TECNOLOGÍA Y ACCESORIOS",photo du produit à identifier et droits à confirmer
3460f795-c5c1-4a3d-a567-63e722af2420,CINT032,cinta de maquina de escribir xerox 8r1187 black,"COMPUTACIÓN, TECNOLOGÍA Y ACCESORIOS",photo du produit à identifier et droits à confirmer
e1f5b3f1-6095-490c-bc56-f87fb7f71b08,TILE016,cinta de maquina de escribir xerox x610 generica black,"COMPUTACIÓN, TECNOLOGÍA Y ACCESORIOS",photo du produit à identifier et droits à confirmer
6ff583f4-4fa3-485b-b110-ccf29106327e,CINR004,cinta de rotuladora varios tamaños,SUMINISTROS DE OFICINA,photo du produit à identifier et droits à confirmer
f5369765-73dc-425b-8a36-b5dd053d85af,TILE021,cinta doble faz espuma 12 mm x 2 metros,SUMINISTROS DE OFICINA,photo du produit à identifier et droits à confirmer
8fbc3e92-1d00-4316-bed5-8d3b4479ba27,CABL003,cinta doble faz espuma 12 x 10 metros,SUMINISTROS DE OFICINA,photo du produit à identifier et droits à confirmer
0c98d3f6-09c0-454c-9616-f870f5365979,TLET02,cinta doble faz espuma 18x2 metros,SUMINISTROS DE OFICINA,photo du produit à identifier et droits à confirmer
c03246e7-ad54-4509-a2e1-e855eeb9bd6c,CIFZ006,cinta doble faz espuma 30 mm x 50 metros,SUMINISTROS DE OFICINA,photo du produit à identifier et droits à confirmer
c9404956-787f-4c85-9b0e-99d631c5a3fd,THPC85,cinta doble faz poliester 12 x 5 metros,SUMINISTROS DE OFICINA,photo du produit à identifier et droits à confirmer
aa8e946d-9228-4e9d-be90-b56c3dc0b280,CIOT001,"cinta ducto plateada 2""",SUMINISTROS DE OFICINA,photo du produit à identifier et droits à confirmer
88b4184e-09a4-4a6c-9969-dd83d9faa637,CAUTIN,cinta embalaje de 48x200 yardas azul,SUMINISTROS DE OFICINA,photo du produit à identifier et droits à confirmer
e3da2be6-7d96-45a2-a29d-c7d77f9f03af,TILE014,cinta especiales,SUMINISTROS DE OFICINA,photo du produit à identifier et droits à confirmer
5983ba42-716d-450a-b51a-3cdf944a1ecb,CINT019,cinta evolis color ymcko,"COMPUTACIÓN, TECNOLOGÍA Y ACCESORIOS",photo du produit à identifier et droits à confirmer
c12320ce-4f96-44d9-804e-ef441d4b6ad6,DESF010,cinta evolis holograma,"COMPUTACIÓN, TECNOLOGÍA Y ACCESORIOS",photo du produit à identifier et droits à confirmer
a3ebcf7b-e36c-47de-9550-4920f36788d7,CIOT003,cinta taipe de vinilo electrica,FERRETERÍA,photo du produit à identifier et droits à confirmer
36bcfb3a-9671-4d7b-9e82-686e4decdce8,CIA007,cinta transferible 12 x 100,SUMINISTROS DE OFICINA,photo du produit à identifier et droits à confirmer
2f6526e4-4ded-4368-99d1-564a47b30272,CINT024,cinta zebra doble lado ymckoki p-330i stk170std,"COMPUTACIÓN, TECNOLOGÍA Y ACCESORIOS",photo du produit à identifier et droits à confirmer
c1c953fe-4eb0-4dad-8933-77c1d0055bd6,TEPS52,cinta zebra ribbon axr7 65 mm x 74 metros,"COMPUTACIÓN, TECNOLOGÍA Y ACCESORIOS",photo du produit à identifier et droits à confirmer
6ebdfe77-dd5f-40d4-98dd-33375f6a8945,CINT031,cinta zebra serie 3 ymckok referencia zxp,"COMPUTACIÓN, TECNOLOGÍA Y ACCESORIOS",photo du produit à identifier et droits à confirmer
b0cc5af2-aec8-4438-9e73-cfed53c127cb,CIRP01,ciprofloxacina 50 mg,MEDICINA,photo du produit à identifier et droits à confirmer
b6de3f9f-4741-4851-9d66-d4e10928832d,TEP001,ciprofloxacina 500 mg caja de 10,MEDICINA,photo du produit à identifier et droits à confirmer
037c558d-7ec6-4e49-8531-cba3c44745e4,THPC13,ciproletic 500 mg tableta,MEDICINA,photo du produit à identifier et droits à confirmer
ea2e933a-446f-4f0a-b5bc-9ff3657be057,CIRUE001,ciruelas en paquete,ALIMENTOS Y BEBIDAS,photo du produit à identifier et droits à confirmer
13ac6377-48e0-4962-911d-75b9a5f2e484,CINT020,clavos - tornillos,FERRETERÍA,photo du produit à identifier et droits à confirmer
13f54a95-68fc-4c43-94c3-5d9cfc818cd9,ATC031,cleaning diskette 3 1/2,"COMPUTACIÓN, TECNOLOGÍA Y ACCESORIOS",photo du produit à identifier et droits à confirmer
00475efb-8325-429d-a8f5-c39d9dd08e12,CLIP004,clip estandar kw,SUMINISTROS DE OFICINA,photo du produit à identifier et droits à confirmer
45a0125c-43be-4580-9398-a803573f79ad,CLIP009,clip jumbo colores,SUMINISTROS DE OFICINA,photo du produit à identifier et droits à confirmer
4af137ec-d74c-42c0-8428-102fd5e525ff,TINT09,clip junior metalico,SUMINISTROS DE OFICINA,photo du produit à identifier et droits à confirmer
4889c45c-e6ea-436e-a693-f69aa084380a,TEPT14,clodopan 10 mg tabletas,MEDICINA,photo du produit à identifier et droits à confirmer
6557d9db-d2ee-48df-a773-9de02c98cc86,TEPS51,clomazol compuesto 15 gr,MEDICINA,photo du produit à identifier et droits à confirmer
b33714ff-d7f2-4b75-ae36-86cbbec69d3a,CAL570,cloro caneca,LIMPIEZA,photo du produit à identifier et droits à confirmer
9f5acc4d-951f-47b6-9294-4d8303475e54,TEPS02,cloro sinai galon,LIMPIEZA,photo du produit à identifier et droits à confirmer
15789f2a-da1f-4d1a-9d59-e1f5094b0e43,FOTC001,cloruro de sodio/solucion salina,MEDICINA,photo du produit à identifier et droits à confirmer
7e649bf9-2902-4001-8fd1-8d9ecb4fe797,TIHP048,cobija - sabana - egredon - protector de cama,"MUEBLES, HOGAR Y BAZAR",photo du produit à identifier et droits à confirmer
42df3dba-fd0e-41fa-aa94-c39190c135da,TXE104,coche de cafeteria,EQUIPOS E IMPLEMENTOS DE COCINA Y CAFETERÍA,photo du produit à identifier et droits à confirmer
fbc2d69a-1da7-44b8-947e-995e18e2f431,TXE087,coche de limpieza profesional 2 baldes,LIMPIEZA,photo du produit à identifier et droits à confirmer
764686ff-8381-489c-9e52-7e0c35b598fe,CACF003,coffee mate 435 gr,ALIMENTOS Y BEBIDAS,photo du produit à identifier et droits à confirmer
ae81d2c6-4034-493c-bede-e815b57e00db,CARE015,coffee mate repuesto,ALIMENTOS Y BEBIDAS,photo du produit à identifier et droits à confirmer
f98c9034-6090-48c9-940d-95b55936f18c,CINT042,cofias,MEDICINA,photo du produit à identifier et droits à confirmer
32bd521f-7187-41f1-b70b-4909ee0bff49,THPC662,colageina capsula,MEDICINA,photo du produit à identifier et droits à confirmer
03e23ccc-350d-434a-8123-1586c2ac9f28,DETG017,colgador de ropa,"MUEBLES, HOGAR Y BAZAR",photo du produit à identifier et droits à confirmer
108d9272-8f24-4a90-b10c-4700d50ea981,THPC142,collarin cervical,MEDICINA,photo du produit à identifier et droits à confirmer
8d134a6e-e429-4c6f-b88a-c258723935c3,COLL001,collarin imprimible,SUMINISTROS DE OFICINA,photo du produit à identifier et droits à confirmer
9e4d3334-6f6a-4bc2-ae20-804437fea050,TRIC14,colorante de alimentos,ALIMENTOS Y BEBIDAS,photo du produit à identifier et droits à confirmer
93ffc6c5-868d-4978-b03c-31aa662f9f19,COMP01,compas de precision grande,SUMINISTROS ESCOLARES,photo du produit à identifier et droits à confirmer
6e3e6de2-ac4f-4fa7-a67e-b941185b4581,COMP02,compas de precision varios tamaños,SUMINISTROS ESCOLARES,photo du produit à identifier et droits à confirmer
1a152232-4378-4f76-9e36-ecbdf54c1b4a,TXE004,computadora core i5,"COMPUTACIÓN, TECNOLOGÍA Y ACCESORIOS",photo du produit à identifier et droits à confirmer
12cd3395-5b5b-412f-882f-4a56dbded457,MED114,comtrex forte caja de 100,MEDICINA,photo du produit à identifier et droits à confirmer
bca12b1f-9f70-488d-93e1-25b4a5a65315,THPC56,"concor 2,50 mg",MEDICINA,photo du produit à identifier et droits à confirmer
8b1ff701-4088-41f0-a001-2ec637bb5930,CORJ008,"conector patch cord cat 6, ft7","COMPUTACIÓN, TECNOLOGÍA Y ACCESORIOS",photo du produit à identifier et droits à confirmer
60d09a48-35c1-4e68-a092-4ccd90610f04,CORJ007,conector rj-11,"COMPUTACIÓN, TECNOLOGÍA Y ACCESORIOS",photo du produit à identifier et droits à confirmer
7886788b-20aa-4c4d-8c88-def3c259927f,THPC42,conrelax 4 mg ampollas caja de 5,MEDICINA,photo du produit à identifier et droits à confirmer
c0c5dbce-3a9e-4434-88fc-d6675a042eab,CINT063,contenedor de residuos plastico,LIMPIEZA,photo du produit à identifier et droits à confirmer
5fb22e9c-fe10-4cc3-9182-6dc54de008ad,CINT055,contenedor de residuos plastico tapa vaiven 53 litros,LIMPIEZA,photo du produit à identifier et droits à confirmer
18db50df-0251-40e9-a7e1-4914503c192a,CUBO016,contenedor plastico con llantas 120 litros con pedal,LIMPIEZA,photo du produit à identifier et droits à confirmer
0fd4a3e2-0137-477b-bb0d-2488a39fe4f0,THPC14,controlip 160 mg,MEDICINA,photo du produit à identifier et droits à confirmer
d9275456-4ac8-4a08-a18f-23f7e9c4562d,THPPS2,cooler,EQUIPOS E IMPLEMENTOS DE COCINA Y CAFETERÍA,photo du produit à identifier et droits à confirmer
81d78f60-28b8-4710-b5d8-c14fd5a246ec,CORC002,corchografo 120 x 90 cm,SUMINISTROS DE OFICINA,photo du produit à identifier et droits à confirmer
a0d0d75a-6156-42a6-979c-bcf5a20ca52f,CORC001,corchografo 160 x 120 cm,SUMINISTROS DE OFICINA,photo du produit à identifier et droits à confirmer
4e8fa60b-9143-466a-828f-195335d6c80e,CORC004,corchografo 160 x 90 cm,SUMINISTROS DE OFICINA,photo du produit à identifier et droits à confirmer
97931a62-ba93-4c04-9a69-cfbd36ac55da,TXE091,corchografo 245 x 100 cm,SUMINISTROS DE OFICINA,photo du produit à identifier et droits à confirmer
69cce07f-00cd-420b-af5c-82aca7872b98,TIHP106,corchografo 45 x 30 cm,SUMINISTROS DE OFICINA,photo du produit à identifier et droits à confirmer
de46e98f-d1b0-4104-84a4-e6e2e4819468,CINT050,corchografo 50 x 40 cm,SUMINISTROS DE OFICINA,photo du produit à identifier et droits à confirmer
c0ab69df-4851-4af9-8d25-7ff2ee719a6b,CORC009,corchografo 60 x 45 cm,SUMINISTROS DE OFICINA,photo du produit à identifier et droits à confirmer
71c3d068-5c41-4562-915d-c03c3d25dbc6,THP027,corchografo 90 x 45 cm,SUMINISTROS DE OFICINA,photo du produit à identifier et droits à confirmer
18dac1f4-ea71-4266-9f41-62c06a4157e0,LIB002,corchografo especial,SUMINISTROS DE OFICINA,photo du produit à identifier et droits à confirmer
934b459e-aef2-42ed-ba12-f084542d701e,TEPS42,corta vidrio,FERRETERÍA,photo du produit à identifier et droits à confirmer
40a4bf90-3908-48f4-926b-ac0955a867d2,TXE103,cortapapel stanley reforzado,SUMINISTROS DE OFICINA,photo du produit à identifier et droits à confirmer
d75ce545-6c0a-487d-bf2e-4196417c5310,CRES001,creso,LIMPIEZA,photo du produit à identifier et droits à confirmer
846fb55a-e0bd-4bac-8576-2f2c423a4077,CRON01,cronometro,EQUIPOS DE OFICINA,photo du produit à identifier et droits à confirmer
b24f09f7-252d-49d0-8772-d169cdd62a8e,CUAD013,cuaderno de contabilidad order book 3 columnas,SUMINISTROS DE OFICINA,photo du produit à identifier et droits à confirmer
a23973ec-c974-44c4-9fb0-fce6b6c838af,CUA026,cuaderno grapado 100 hojas cuadros o lineas,SUMINISTROS ESCOLARES,photo du produit à identifier et droits à confirmer
36d18682-1b4b-4dc3-b8a5-df67481b923a,CUA029,cuaderno grapado 80 hojas 4 lineas,SUMINISTROS ESCOLARES,photo du produit à identifier et droits à confirmer
c7024213-14a8-4ca7-b549-2897f9f4363c,CUA036,cuaderno pequeño 60 hojas cuadros o lineas,SUMINISTROS ESCOLARES,photo du produit à identifier et droits à confirmer
1113a218-55d0-4557-ba42-920b74fb60c4,CUA040,cuaderno pequeño espiral 100 hojas 4 lineas,SUMINISTROS ESCOLARES,photo du produit à identifier et droits à confirmer
1c5b005e-cf19-455a-aefc-327647a763b1,CUA008,cuaderno pequeño jean book 100 hojas cuadros o lineas,SUMINISTROS DE OFICINA,photo du produit à identifier et droits à confirmer
57743661-6a0f-4cd3-9e69-0dba24e7d406,CUA033,cuaderno universitario 60 hojas cuadros o lineas,SUMINISTROS ESCOLARES,photo du produit à identifier et droits à confirmer
346b8b7c-055a-4932-889f-75da630a2376,CUAD002,cuaderno universitario espiral jean book 100 hojas,SUMINISTROS DE OFICINA,photo du produit à identifier et droits à confirmer
6552a0af-08ba-4436-a8c9-181ea5c00013,TIEP003,cubetas de hielo,EQUIPOS E IMPLEMENTOS DE COCINA Y CAFETERÍA,photo du produit à identifier et droits à confirmer
33d5f2a1-ee59-4bb0-a1db-93ab85bf7398,THPC110,cuchara biodegradable pequeña paquete,EQUIPOS E IMPLEMENTOS DE COCINA Y CAFETERÍA,photo du produit à identifier et droits à confirmer
ec824d0b-b95f-4634-8a42-d0be5e96b024,CUCH011,cuchara metalica,EQUIPOS E IMPLEMENTOS DE COCINA Y CAFETERÍA,photo du produit à identifier et droits à confirmer
d89f9779-c3c3-4ad3-bd49-d96307468d9e,CUCH001,cuchara plastica sopera paquete,EQUIPOS E IMPLEMENTOS DE COCINA Y CAFETERÍA,photo du produit à identifier et droits à confirmer
5d7c3cf6-ddc6-42ce-bb7d-ed1327b48c71,TEPT10,cuchilla de repuesto para cortapapel stanley,SUMINISTROS DE OFICINA,photo du produit à identifier et droits à confirmer
6e1c8f48-265d-452a-9c13-a56ec3193626,GUIL004,cuchilla de repuesto para guillotina,EQUIPOS DE OFICINA,photo du produit à identifier et droits à confirmer
10e17ec1-c846-4795-9cb1-11b9eab1ad19,ATC047,cuerdas varias medidas,FERRETERÍA,photo du produit à identifier et droits à confirmer
4532df3c-f1b2-4cca-b823-309fd001a73c,CUER017,cueritos en paquete,ALIMENTOS Y BEBIDAS,photo du produit à identifier et droits à confirmer
aeff2ddb-ee38-4072-818c-b15cf4b7b454,TIHP017,curitas estandar cureband caja de 100,MEDICINA,photo du produit à identifier et droits à confirmer
0acf68a4-c0fc-491d-bdfc-0c4e93ab15b2,TRIC45,dados,SUMINISTROS ESCOLARES,photo du produit à identifier et droits à confirmer
0a1274c2-21a4-4a66-b67a-779f69ae42c9,DATA003,"data cartridge hp ultrium 4 c7974a super dlt 800gb/1,6tb","COMPUTACIÓN, TECNOLOGÍA Y ACCESORIOS",photo du produit à identifier et droits à confirmer
0e283289-4031-453e-a982-4288d38fe389,DATA001,"data cartridge ibm ultrium 4 800gb/1,6tb","COMPUTACIÓN, TECNOLOGÍA Y ACCESORIOS",photo du produit à identifier et droits à confirmer
083825f1-1d2f-4dcf-bd2f-c560ab9c3fd0,TINT006,data cartridge tape 3m dc 600a capacidad 60 mb,"COMPUTACIÓN, TECNOLOGÍA Y ACCESORIOS",photo du produit à identifier et droits à confirmer
b3c442c1-4883-442c-b407-d8d986ba9731,DATA005,"data cartridge ultrium 5 1,5tb/3,0tb","COMPUTACIÓN, TECNOLOGÍA Y ACCESORIOS",photo du produit à identifier et droits à confirmer
7d98ae73-4796-4653-b6fa-d884328f08b9,TIXE012,delantal de cuero,EQUIPOS E IMPLEMENTOS DE COCINA Y CAFETERÍA,photo du produit à identifier et droits à confirmer
86efdab3-a6fe-460d-8c5c-49c77a380227,THPC04,descartable 3 ml paquete de 100,MEDICINA,photo du produit à identifier et droits à confirmer
aa27c5e1-30d1-4e9a-89fd-39bcf139c1dd,THPC159,descartable 5 ml paquete de 100,MEDICINA,photo du produit à identifier et droits à confirmer
59195306-c708-46f3-b030-4be0f54d4853,TEPS26,desengrasante 1 litro,LIMPIEZA,photo du produit à identifier et droits à confirmer
69e22251-a256-42da-a3cb-4bafe9169685,DESF007,desengrasante bio solutions institucional,LIMPIEZA,photo du produit à identifier et droits à confirmer
f8a58236-7f08-419b-9fa5-17aba5562cac,TIEP010,desinfectante aerosol,LIMPIEZA,photo du produit à identifier et droits à confirmer
147377af-8b8c-4360-a9d6-40814d7817c7,TEBE001,desinfectante liquido 500 ml,LIMPIEZA,photo du produit à identifier et droits à confirmer
1c933f79-b636-423d-b000-845d7bef4ac9,DETG002,desinfectante liquido caneca,LIMPIEZA,photo du produit à identifier et droits à confirmer
2191eaba-d181-4544-8f95-a72cecfab80e,DESF026,desinfectante liquido ecologico,LIMPIEZA,photo du produit à identifier et droits à confirmer
8bf22c6d-b327-42c5-92e9-2dba72513dab,DESF025,desinfectante liquido fabuloso galon,LIMPIEZA,photo du produit à identifier et droits à confirmer
7337ba3a-19df-4a6b-b6c0-46f82c8acd6f,THPC102,desinfectante liquido sanytol con atomizador 750 ml,LIMPIEZA,photo du produit à identifier et droits à confirmer
c609e232-4075-4ec5-b639-cdbfdf7e5b75,TRAP011,desinfectante pastilla pato tanque adhesivo en caja,LIMPIEZA,photo du produit à identifier et droits à confirmer
96f80a33-ec39-453b-95c2-852c6859f08b,TCAB58,desinfectante pastilla tanque 4 unidades,LIMPIEZA,photo du produit à identifier et droits à confirmer
9d03d2ec-18aa-4042-a4fb-d02e207f1eca,TEPS74,desodorante ambiental aceite air wick 2 repuestos,LIMPIEZA,photo du produit à identifier et droits à confirmer
36507351-94b1-4908-8dc7-9015859171ac,TEPS73,desodorante ambiental aceite air wick completo,LIMPIEZA,photo du produit à identifier et droits à confirmer
358a0b7b-d518-4b35-a4c5-3ffb197d7251,DESO001,desodorante ambiental aceite glade 1 repuesto,LIMPIEZA,photo du produit à identifier et droits à confirmer
1d6fc12d-6d28-44d9-bb7b-ee910a7b80c3,CASE019,desodorante ambiental aceite glade 2 repuestos,LIMPIEZA,photo du produit à identifier et droits à confirmer
9e5ba50d-976a-4683-9c13-9a2be9922928,CAS001,desodorante ambiental aceite glade 3 repuestos,LIMPIEZA,photo du produit à identifier et droits à confirmer
96f04c92-cce1-4361-a817-e58f164f9ddb,TCAB43,desodorante ambiental aceite glade 4 repuestos,LIMPIEZA,photo du produit à identifier et droits à confirmer
0cca4327-3da7-49d7-81da-72a243618194,DESO002,desodorante ambiental aceite glade completo,LIMPIEZA,photo du produit à identifier et droits à confirmer
c1b72f16-195b-4012-9c4b-8352bf7dbe33,TKM029,desodorante ambiental cono,LIMPIEZA,photo du produit à identifier et droits à confirmer
5c99f61d-9578-4073-8f24-24878a30020b,DESO015,desodorante ambiental digital harmony repuesto,LIMPIEZA,photo du produit à identifier et droits à confirmer
95f282c2-4cef-4d36-9e9e-bcc3f8103f54,CAS006,desodorante ambiental liquido caneca,LIMPIEZA,photo du produit à identifier et droits à confirmer
d730bfc1-52b3-44c8-8530-8ff1bfd6b4ec,MASC003,desodorante ambiental liquido ecolimpio bio galon,LIMPIEZA,photo du produit à identifier et droits à confirmer
e84b125d-81db-4c80-ad2c-7e0c16fb8dfe,DESO012,desodorante ambiental liquido varios aromas,LIMPIEZA,photo du produit à identifier et droits à confirmer
dd58865e-897a-4edd-a360-6acca03b468b,CERA002,desodorante ambiental pastilla en gel glade,LIMPIEZA,photo du produit à identifier et droits à confirmer
cea9cdaf-2490-4713-b71c-d71f2dbd8797,TEPS72,desodorante ambiental spray air wick 532 ml,LIMPIEZA,photo du produit à identifier et droits à confirmer
3ef891fb-fc86-4c49-a2ad-fa2b70718052,DESO006,desodorante ambiental toque 2 repuestos,LIMPIEZA,photo du produit à identifier et droits à confirmer
1478e637-66e8-4568-8605-9e538ad4227b,DESO005,desodorante ambiental toque completo mas 2 repuestos,LIMPIEZA,photo du produit à identifier et droits à confirmer
f44cd20f-0f2b-4386-97a3-e0414f88265e,CASE017,desodorante ambiental toque glade o air wick completo,LIMPIEZA,photo du produit à identifier et droits à confirmer
0a10b0e2-bf82-4627-b034-573f3d21e4ab,TLEL04,destapa corchos metalico,EQUIPOS E IMPLEMENTOS DE COCINA Y CAFETERÍA,photo du produit à identifier et droits à confirmer
024fb8c6-0941-423e-be74-17da9a2ddd2e,TRAP009,destructora de papel swingline,EQUIPOS DE OFICINA,photo du produit à identifier et droits à confirmer
8a66a059-36b7-41b5-a805-7342cd9db774,LIMP001,detergente 20 kilos,LIMPIEZA,photo du produit à identifier et droits à confirmer
7d382197-222a-4bb5-b5eb-a17fffdb18db,CINT039,detergente liquido,LIMPIEZA,photo du produit à identifier et droits à confirmer
51bf5ca2-21ac-4495-8c28-2280a73321b0,TIOT001,detergente liquido bio solutions 2 litros,LIMPIEZA,photo du produit à identifier et droits à confirmer
eb695aab-ed7f-4199-ac32-24e2d8314cad,DETG001,detergente liquido caneca,LIMPIEZA,photo du produit à identifier et droits à confirmer
84f229e0-4af4-42aa-96ea-404a117dc0b5,TEPT23,dexametasona 8 mg ampolla,MEDICINA,photo du produit à identifier et droits à confirmer
eeffd576-4608-459a-9259-a33d01663f01,THPC71,diaren,MEDICINA,photo du produit à identifier et droits à confirmer
a211b186-0078-41f7-a4ef-c485837de297,DICC01,diccionario varios,SUMINISTROS ESCOLARES,photo du produit à identifier et droits à confirmer
36cd4e4e-b112-41d9-bc04-0711277ba29e,TLE020,dicetel 100 mg tableta,MEDICINA,photo du produit à identifier et droits à confirmer
57f1bd10-fa16-4245-82ab-88830980e624,TIHP055,"diclofenaco 0,75 mg ampolla mk",MEDICINA,photo du produit à identifier et droits à confirmer
d9dbb881-4305-475b-b9c7-54b6ee015986,DICLO1,diclofenaco caja de 20,MEDICINA,photo du produit à identifier et droits à confirmer
be7404a7-8033-4229-9589-531c992e8c26,TIEP013,dicloxacilina 500 mg caja de 50,MEDICINA,photo du produit à identifier et droits à confirmer
599fb3eb-a99e-463b-a1d3-a51cf14c82bb,THPC148,dicynone 500 mg tableta,MEDICINA,photo du produit à identifier et droits à confirmer
1fdd7d9a-a5f2-4cb8-b430-ee76d8a9defb,TEPT25,dicynone ampollas caja de 4,MEDICINA,photo du produit à identifier et droits à confirmer
80cefce4-45de-4fde-90d8-fd380e159736,TIHP107,digesta caja de 20,MEDICINA,photo du produit à identifier et droits à confirmer
ab1b0634-9e35-4478-b235-a763934db2d0,DISD009,disco duro externo,"COMPUTACIÓN, TECNOLOGÍA Y ACCESORIOS",photo du produit à identifier et droits à confirmer
87622745-fe51-4e65-adb8-93f41c7146b2,CIOT002,disco no. 17 3m blanco abrillantador,LIMPIEZA,photo du produit à identifier et droits à confirmer
e26c1291-3028-4912-a94e-c5db82cc3fd0,CINT036,disco no. 17 3m negro removedor,LIMPIEZA,photo du produit à identifier et droits à confirmer
8b359f07-6ff8-48a7-a8a9-d04f0fedf2d5,CINT045,disco no. 17 3m rojo pulidor,LIMPIEZA,photo du produit à identifier et droits à confirmer
b27581cc-f448-4f97-b9f2-1d5e61a7166c,TICA025,disco no. 20 3m blanco abrillantador,LIMPIEZA,photo du produit à identifier et droits à confirmer
665e7209-2454-4b8d-b5d4-bfd23dbabbfe,CINT041,disco no. 20 3m negro removedor,LIMPIEZA,photo du produit à identifier et droits à confirmer
b6908e29-d047-40dd-8362-5c9490e61cbf,CINT058,disco no. 20 3m rojo pulidor,LIMPIEZA,photo du produit à identifier et droits à confirmer
374ddb45-e358-4418-befe-4fcfa9aee624,DK0003,diskette optical verbatim 128 mb,"COMPUTACIÓN, TECNOLOGÍA Y ACCESORIOS",photo du produit à identifier et droits à confirmer
75c2123e-eb8b-49dc-821e-7c715e02bdeb,JABT005,dispensador de agua,EQUIPOS E IMPLEMENTOS DE COCINA Y CAFETERÍA,photo du produit à identifier et droits à confirmer
990c876c-0650-4f1b-a354-b51b589b0c47,DIK012,dispensador de bactisan en spray,LIMPIEZA,photo du produit à identifier et droits à confirmer
a8cf7812-b138-4624-8976-81a62e4c000b,DESO014,dispensador de desodorante automatico tips o air wick,LIMPIEZA,photo du produit à identifier et droits à confirmer
0d392568-3369-4bcb-b73b-ea78080f434e,DIKC004,dispensador de papel higienico bulk pack,LIMPIEZA,photo du produit à identifier et droits à confirmer
4cf34b02-5608-4e50-9f91-24d24ebd62af,DIKC012,dispensador de papel toalla en z metalico,LIMPIEZA,photo du produit à identifier et droits à confirmer
19eeba58-78f6-41c3-888c-a3e3b692e237,DIKC007,dispensador de papel toalla sanitouch 400 metros,LIMPIEZA,photo du produit à identifier et droits à confirmer
962d7cd4-6384-465b-ad1e-c0165240dd83,DIKC011,dispensador de servilletas scott mega airflex,EQUIPOS E IMPLEMENTOS DE COCINA Y CAFETERÍA,photo du produit à identifier et droits à confirmer
244c390c-7aea-4ab2-8267-480b7c7b1b04,DITF002,dispensador de tape flags,SUMINISTROS DE OFICINA,photo du produit à identifier et droits à confirmer
eaa9a455-2a18-4017-ae4d-ba4d04812f1a,DIKC006,dispensador de vasos,EQUIPOS E IMPLEMENTOS DE COCINA Y CAFETERÍA,photo du produit à identifier et droits à confirmer
0d2cc34a-0adc-47aa-9c63-d4c6d9669f48,DSCI003,dispensador multiple,SUMINISTROS DE OFICINA,photo du produit à identifier et droits à confirmer
1dc19b4e-1b5e-4492-8f12-52dd5891d428,TLEW01,docking o hub con puertos,"COMPUTACIÓN, TECNOLOGÍA Y ACCESORIOS",photo du produit à identifier et droits à confirmer
2a344d35-cc14-48c9-b9cb-3a00577c770d,TEPT24,docloxacilina 500 mg caja de 50,MEDICINA,photo du produit à identifier et droits à confirmer
87372142-9fb3-44d4-b849-642152b786f4,TSHA07,dolgenal rapid 10 mg caja de 10,MEDICINA,photo du produit à identifier et droits à confirmer
869519ee-63a6-4d1b-9536-668a8f23c87f,TENS01,dolux 120 mg,MEDICINA,photo du produit à identifier et droits à confirmer
c9176e38-45d6-4fd0-a5f0-5a2147e12c13,MOXER2,drum xerox 101r432 para 5020,"COMPUTACIÓN, TECNOLOGÍA Y ACCESORIOS",photo du produit à identifier et droits à confirmer
2dd89df9-bed8-4cc3-9c7a-023614156d8f,TXE177,drum xerox 106r0658 cyan,"COMPUTACIÓN, TECNOLOGÍA Y ACCESORIOS",photo du produit à identifier et droits à confirmer
9afdd3f4-ead9-4416-98a0-3dfa84b5a567,TXE300,drum xerox 106r0659 yellow,"COMPUTACIÓN, TECNOLOGÍA Y ACCESORIOS",photo du produit à identifier et droits à confirmer
c1c362b3-4b53-41e9-8ea6-7b1fbad893f3,TIXE043,drum xerox 106r0660 magenta,"COMPUTACIÓN, TECNOLOGÍA Y ACCESORIOS",photo du produit à identifier et droits à confirmer
6ca52f05-de69-4a52-9175-5c54f658c5e9,TIOT003,drum xerox 6 r 1461 black,"COMPUTACIÓN, TECNOLOGÍA Y ACCESORIOS","référence Xerox 006R01461 de toner, mais nom GAMA drum ; type à confirmer"
dc09cee7-3710-44d3-9a35-a4651b6415b8,TIHP108,duspatalin retard caja de 30,MEDICINA,photo du produit à identifier et droits à confirmer
a3e2ae4f-ba84-4d15-a2d2-66154dc4ef6c,DVDG004,"dvd grabable 8,5 gb cono","COMPUTACIÓN, TECNOLOGÍA Y ACCESORIOS",photo du produit à identifier et droits à confirmer
20c24b1a-c54b-4422-a2b3-4c2c30ff4a31,DVDG003,dvd grabable imprimible,"COMPUTACIÓN, TECNOLOGÍA Y ACCESORIOS",photo du produit à identifier et droits à confirmer
07d0fb60-5df6-42e3-82d1-67524871e745,DVDG008,dvd regrabable cono de 10,"COMPUTACIÓN, TECNOLOGÍA Y ACCESORIOS",photo du produit à identifier et droits à confirmer
0599e9d9-246f-4d31-8b1e-03a4c9c6f45f,DVDR003,dvd-rw externo con usb,"COMPUTACIÓN, TECNOLOGÍA Y ACCESORIOS",photo du produit à identifier et droits à confirmer
13a8366a-c7a3-4716-a2bd-0d702d8a0969,THPC67,ecufol 1 mg,MEDICINA,photo du produit à identifier et droits à confirmer
b5022342-10b5-456e-8fc4-88ab3ce2274a,ATC046,elastico fino,SUMINISTROS ESCOLARES,photo du produit à identifier et droits à confirmer
7183c3ed-0b5b-42bf-a0de-d479a3301306,ATC051,encaje varios colores,SUMINISTROS ESCOLARES,photo du produit à identifier et droits à confirmer
ed90b858-923a-49ca-b91e-3bb4c523c0bd,TLEO28,endulzante en gotas,ALIMENTOS Y BEBIDAS,photo du produit à identifier et droits à confirmer
3fe04a7f-2a61-411d-b572-d1bb25116794,TIEP012,enterogermina 5 ml ampollas caja de 10,MEDICINA,photo du produit à identifier et droits à confirmer
7610ae74-15fb-42a2-8722-5ed2ae96ef8b,TIEP011,enzimol q10 caja de 20,MEDICINA,photo du produit à identifier et droits à confirmer
5a9208cc-41ad-4aae-bf4c-8052848f55e2,ESL002,escalimetro en abanico,SUMINISTROS ESCOLARES,photo du produit à identifier et droits à confirmer
f68733f2-a54c-49ff-bb8d-e51a877bbd34,ESL001,escalimetro pequeño,SUMINISTROS ESCOLARES,photo du produit à identifier et droits à confirmer
dbaa8ce8-6abb-48ee-83cf-5e9de82f8657,ESCAR1,escarcha frasco varios colores,SUMINISTROS ESCOLARES,photo du produit à identifier et droits à confirmer
3532f3d3-e371-4e84-bcab-3c1c14816e03,ATC049,escoba para lavar autos con mango,LIMPIEZA,photo du produit à identifier et droits à confirmer
27cb49ce-6d89-48ee-9c07-88da519c122d,ESCU45,escuadra 45 grados,SUMINISTROS ESCOLARES,photo du produit à identifier et droits à confirmer
2ee0321c-ca61-464e-8831-e9ccc151d2b7,ESCU60,escuadra 60 grados,SUMINISTROS ESCOLARES,photo du produit à identifier et droits à confirmer
55b27dbd-de2e-4649-9ddd-236aa3126079,ESCU01,escuadras juego de 2 unidades,SUMINISTROS ESCOLARES,photo du produit à identifier et droits à confirmer
add4a3db-5080-4b6a-9b92-8de4a9b53017,TIEP014,escurridor de madera con caucho 1 metro,LIMPIEZA,photo du produit à identifier et droits à confirmer
3de693ce-ae16-4da8-97b2-e3d919dfb196,TRAP010,escurridor de piso con baston 55 cm,LIMPIEZA,photo du produit à identifier et droits à confirmer
4f6a222b-59a6-4d46-801b-f63af4f55dea,EPFI004,esfero de minas de colores punta fina,SUMINISTROS DE OFICINA,photo du produit à identifier et droits à confirmer
f404d3a0-fe49-4db4-aa2f-6269e718dd77,THPP02,esfero global gel punta fina azul,SUMINISTROS DE OFICINA,photo du produit à identifier et droits à confirmer
623bca8e-888e-4717-bf5b-5db5df1a100b,EGEL002,esfero global gel punta fina negro,SUMINISTROS DE OFICINA,photo du produit à identifier et droits à confirmer
40ac254e-c37c-499d-859e-873e702be257,THPPS1,esfero global gel punta fina rojo,SUMINISTROS DE OFICINA,photo du produit à identifier et droits à confirmer
a09b12a1-239d-4392-98df-8b95d971e516,THPP04,esfero global gel punta fina verde,SUMINISTROS DE OFICINA,photo du produit à identifier et droits à confirmer
bd011b93-5a97-4aec-a1e9-a14e9837a67b,EPME010,esfero pentel retractil punta fina,SUMINISTROS DE OFICINA,photo du produit à identifier et droits à confirmer
db72b01b-81e0-430e-b10d-04168e7734ad,EPME008,esfero pilot punta fina,SUMINISTROS DE OFICINA,photo du produit à identifier et droits à confirmer
33d44c90-566c-4ff5-9eca-b343ea16b251,EPME013,esfero promocional o con impresion colores,SUMINISTROS DE OFICINA,photo du produit à identifier et droits à confirmer
51bb8f5a-f55d-4df0-99ff-0c3a6b1a2c2d,ESF012,esfero stabilo colores,SUMINISTROS DE OFICINA,photo du produit à identifier et droits à confirmer
faf5efc0-a1c8-400d-beb8-99d1b8e2b8a9,TXE142,esfero staedtler punta fina verde,SUMINISTROS DE OFICINA,photo du produit à identifier et droits à confirmer
a56141c0-7b71-4a15-b62e-a36ba196ba01,EPME015,esferos punta media azul y negro paquete de 6,SUMINISTROS DE OFICINA,photo du produit à identifier et droits à confirmer
a0172c9e-96ac-43f5-bf6e-3aa9c7d23b69,BOTA01,espatula,FERRETERÍA,photo du produit à identifier et droits à confirmer
eb1cc3ba-4c9e-46e4-aaf0-10a5a9536bcb,ESPM002,espiraladora-anilladora,EQUIPOS DE OFICINA,photo du produit à identifier et droits à confirmer
b3646b85-5972-49e1-9730-d26dfbb8a2cb,BOM001,espirales en bobinas,SUMINISTROS DE OFICINA,photo du produit à identifier et droits à confirmer
4d0a23d2-7c34-4129-b3cb-6ff0556d668f,ESPI58,espirales plasticos 58 mm para 650 hojas,SUMINISTROS DE OFICINA,photo du produit à identifier et droits à confirmer
6a3bf3e1-cf53-449c-80e9-7821dc2232f5,ATC050,espuma flex en plancha o bolas varias medidas,SUMINISTROS ESCOLARES,photo du produit à identifier et droits à confirmer
08258a7f-70a1-44b9-bdb6-81e93059eac1,ESTI01,estilografo,SUMINISTROS DE OFICINA,photo du produit à identifier et droits à confirmer
53c8d460-a875-44a4-bedc-5422eda860e6,ESTN010,estuche de ipad - celular,"COMPUTACIÓN, TECNOLOGÍA Y ACCESORIOS",photo du produit à identifier et droits à confirmer
0cd145c8-719b-460f-93c7-6f9c2a16086c,CARG01,estuche de laptop,"COMPUTACIÓN, TECNOLOGÍA Y ACCESORIOS",photo du produit à identifier et droits à confirmer
c82641e3-01a0-4561-a983-631b623ea65c,ETQU016,etiquetas adhesivas en rollo varios colores,SUMINISTROS DE OFICINA,photo du produit à identifier et droits à confirmer
4bc7e755-222d-4094-b53a-b71c464075c5,ETQU015,etiquetas adhesivas para cd paquete de 25,SUMINISTROS DE OFICINA,photo du produit à identifier et droits à confirmer
84087c6d-c7b4-42b1-b97a-798749875e35,ETQU014,etiquetas adhesivas t-17 en rollo varios colores,SUMINISTROS DE OFICINA,photo du produit à identifier et droits à confirmer
a104e03e-e0d3-47a2-97ed-d42c4a5706c6,ROLL005,etiquetas de seguridad void en rollo,SUMINISTROS DE OFICINA,photo du produit à identifier et droits à confirmer
bd426bbd-da44-461b-8aef-f82649dfa4cc,EXCE001,excedrin extra fuerte,MEDICINA,photo du produit à identifier et droits à confirmer
002c98cf-cf40-4b21-a232-b87b805e99b7,FC2PQU,faja de proteccion,SEGURIDAD INDUSTRIAL,photo du produit à identifier et droits à confirmer
fad835d7-b721-4737-b83d-776976ceb0ed,FECH001,fechador automatico,SUMINISTROS DE OFICINA,photo du produit à identifier et droits à confirmer
8f4685ea-6121-47d5-8815-dbf8d385eaae,TEPS41,feldene - dolgenol,MEDICINA,photo du produit à identifier et droits à confirmer
d3ceeaa8-6eec-4d79-a851-ea4d27c9b292,FEM001,femen,MEDICINA,photo du produit à identifier et droits à confirmer
4ce1164d-9a27-4d20-aeae-e0f8163ce749,THPC144,ferula de dedo,MEDICINA,photo du produit à identifier et droits à confirmer
8551fbf9-413b-4783-9a2c-e89f1449af96,ATC030,fichas,SUMINISTROS ESCOLARES,photo du produit à identifier et droits à confirmer
dc52ce69-1ddf-4749-8947-69092e5c0661,FILM002,film panasonic de tinta kx-fa54a black,"COMPUTACIÓN, TECNOLOGÍA Y ACCESORIOS",photo du produit à identifier et droits à confirmer
c54a3634-74b0-450c-b2bd-96ee111ab04b,FILM003,film panasonic kxfa 55,"COMPUTACIÓN, TECNOLOGÍA Y ACCESORIOS",photo du produit à identifier et droits à confirmer
8d868550-78a0-4dd2-a3e2-e36f704b5192,FILT012,filtro de privacidad 3m para laptop,"COMPUTACIÓN, TECNOLOGÍA Y ACCESORIOS",photo du produit à identifier et droits à confirmer
eb523961-52af-4e07-abc0-3f0623a3ca4c,FINA01,finalin caja,MEDICINA,photo du produit à identifier et droits à confirmer
f8d48dba-0a9c-45de-9537-77a51c0d3ea8,THP032,flucces fluconazol 150 mg,MEDICINA,photo du produit à identifier et droits à confirmer
5c148271-0bb7-4d8d-a6ca-55a00ce6cfe7,FOCO02,foco dicroico,FERRETERÍA,photo du produit à identifier et droits à confirmer
775bec14-8ddf-4521-91c1-c681b037861d,FOCO01,foco fluorescente,FERRETERÍA,photo du produit à identifier et droits à confirmer
7b4f4bdd-a4dc-4fa3-af44-2c71499cf1e2,PAKC013,folder kimberly,SUMINISTROS DE OFICINA,photo du produit à identifier et droits à confirmer
9e21c143-2ee1-4a9b-b7ba-102a738d3c70,TXE145,folder manila oficio importado amarillo,SUMINISTROS DE OFICINA,photo du produit à identifier et droits à confirmer
1cce12a0-fe85-42b3-8644-fb9c7e2b2d10,TXE143,folder manila oficio importado naranja,SUMINISTROS DE OFICINA,photo du produit à identifier et droits à confirmer
4f304714-692c-4d66-ace6-060f3f089f4b,TXE147,folder manila oficio importado rojo,SUMINISTROS DE OFICINA,photo du produit à identifier et droits à confirmer
0308a4c5-115c-473d-8565-55a3e06eac8a,TXE144,folder manila oficio importado verde,SUMINISTROS DE OFICINA,photo du produit à identifier et droits à confirmer
641bff1a-7ba9-4e39-9908-c4ce45c2a2a6,FOMIX4,fomix a3 varios colores,SUMINISTROS ESCOLARES,photo du produit à identifier et droits à confirmer
33c81f1a-0afc-4305-87c3-8f3b62e5dffb,FC1P01,formas continuas 1071-1 parte,SUMINISTROS DE OFICINA,photo du produit à identifier et droits à confirmer
30cd8029-bd21-42cb-91ad-3f251dfa42d5,FC2P01,formas continuas 1071-2 partes,SUMINISTROS DE OFICINA,photo du produit à identifier et droits à confirmer
847d3282-81de-4066-a343-26e6841d3d74,FORC015,formas continuas 1401-1 parte 3000 hojas,SUMINISTROS DE OFICINA,photo du produit à identifier et droits à confirmer
7f632447-dd83-47f5-805b-0b42ef20935a,FORC017,formas continuas 1401-2 partes,SUMINISTROS DE OFICINA,photo du produit à identifier et droits à confirmer
6c7c43b6-d77f-4c79-8efa-657df9754fa6,FORC019,formas continuas 1401-4 partes,SUMINISTROS DE OFICINA,photo du produit à identifier et droits à confirmer
b7b7eaf9-ebcd-4daf-9f67-1aa4533fe291,FC1P06,formas continuas 901-1 parte 3000 hojas,SUMINISTROS DE OFICINA,photo du produit à identifier et droits à confirmer
941ccfc1-e1ee-4dba-b4c7-cabd3095f4df,FORC006,formas continuas 901-2 partes 1500 juegos,SUMINISTROS DE OFICINA,photo du produit à identifier et droits à confirmer
fc40118e-4b18-49af-ab38-a75b2ff10bfa,FC3P03,formas continuas 901-3 partes 1000 juegos,SUMINISTROS DE OFICINA,photo du produit à identifier et droits à confirmer
bf5c97fa-78c5-43fe-aaaa-4fc0bf688cb2,FORC008,formas continuas 901-3 partes 400 juegos troquelado 1/2,SUMINISTROS DE OFICINA,photo du produit à identifier et droits à confirmer
5c2a3afb-6ba9-409b-9454-18274268ed21,FORC011,formas continuas 901-4 partes,SUMINISTROS DE OFICINA,photo du produit à identifier et droits à confirmer
50a51fea-82bc-43f3-801e-b098b1cfe152,FORM001,formularios impresos,SERVICIOS,service sans objet physique
d4f14dee-8e24-40d1-a31d-e9f79d9db9fb,FORRO3,forro plastico 3 x 20,SUMINISTROS ESCOLARES,photo du produit à identifier et droits à confirmer
f51cd189-3db4-4d3d-a932-ac9a899b9288,FORRO1,forro plastico para cuaderno pequeño,SUMINISTROS ESCOLARES,photo du produit à identifier et droits à confirmer
893c801e-763c-4dee-bc30-311611001ac0,FORRO2,forro plastico para cuaderno universitario,SUMINISTROS ESCOLARES,photo du produit à identifier et droits à confirmer
eb46b32b-95ce-4267-9aa0-f7ac3db936f2,TLE021,forxiga 10 mg,MEDICINA,photo du produit à identifier et droits à confirmer
cbea903b-3ebd-439f-b56f-8bbdb4123797,FOSF01,fosforeras,EQUIPOS E IMPLEMENTOS DE COCINA Y CAFETERÍA,photo du produit à identifier et droits à confirmer
d403d8eb-8606-4ec8-a341-14ee3d19b72d,FRA002,franela bordada,LIMPIEZA,photo du produit à identifier et droits à confirmer
cc2dee5c-2f98-48b8-ba3d-b0df18e8cb44,FRAN006,franelografo 120 x 90 cm,SUMINISTROS DE OFICINA,photo du produit à identifier et droits à confirmer
b84d2c46-68cb-48e0-b24a-613637ce3b63,FRAN002,franelografo 60 x 45 cm,SUMINISTROS DE OFICINA,photo du produit à identifier et droits à confirmer
97d9d121-6ed6-48ab-866f-47198458bbd6,FRAN001,franelografo 90 x 60 cm,SUMINISTROS DE OFICINA,photo du produit à identifier et droits à confirmer
635c63c9-6ffb-4611-a74f-3e21005063f9,FRASCO,frasco varios tamanos,LIMPIEZA,photo du produit à identifier et droits à confirmer
ee0dce45-c50c-4755-90cd-b2f7fcbdb6e5,TEPT32,frutas,ALIMENTOS Y BEBIDAS,photo du produit à identifier et droits à confirmer
f8452a33-7698-4c3f-abe6-da3bfdef445f,EPME006,frutos secos,ALIMENTOS Y BEBIDAS,photo du produit à identifier et droits à confirmer
5bb14d96-2a94-472c-af70-21d6c77badc9,THP023,fugos 300 mg caja de 2,MEDICINA,photo du produit à identifier et droits à confirmer
b792eb72-fcf6-4eec-b1a2-c5e0383892e1,THPCP1,funda con fuelle grande unidad,LIMPIEZA,photo du produit à identifier et droits à confirmer
7d2d4e7c-b04c-4a91-91ec-8dd434d46c38,FUND005,fundas de basura estandar varios colores,LIMPIEZA,photo du produit à identifier et droits à confirmer
da064711-be66-48e7-9803-c3f9e3cd58af,TIBM06,fundas de basura para baño 18 x 23 paquete de 50,LIMPIEZA,photo du produit à identifier et droits à confirmer
c4fab9ad-ccc1-48b8-a2c7-4620e4ecb8da,INRO002,fundas de coccion extra grandes,EQUIPOS E IMPLEMENTOS DE COCINA Y CAFETERÍA,photo du produit à identifier et droits à confirmer
19280bda-031f-4ac9-8a35-172d8053f619,FUND017,fundas de papel,SUMINISTROS DE OFICINA,photo du produit à identifier et droits à confirmer
e68c11bb-21e3-4a11-83f1-95806b6b6fa2,THPC48,fundas polifan 10 x 16 paquete de 100,LIMPIEZA,photo du produit à identifier et droits à confirmer
0a09aa2a-ec7a-4603-a618-6e58b7e10b24,THPC49,fundas polifan 12 x 18 paquete de 100,LIMPIEZA,photo du produit à identifier et droits à confirmer
bf5aba06-4c89-4a17-a670-cf83d37bf391,THPC158,fundas polifan 5 x 8 paquete de 100,LIMPIEZA,photo du produit à identifier et droits à confirmer
749ec6ec-a357-48f8-85c2-c570e49b0537,TRAP004,fundas polifan 7 x 11 paquete de 100,LIMPIEZA,photo du produit à identifier et droits à confirmer
ab2aebe2-fdd7-4c5d-a91e-4176e71f1574,SOBR011,fundas polifan 9 x 14 paquete de 100,LIMPIEZA,photo du produit à identifier et droits à confirmer
82b2ba82-3168-4eb8-a6a0-3eb4b6bdadf3,THPQ17,fundas transparentes tipo ventana,LIMPIEZA,photo du produit à identifier et droits à confirmer
d247926f-d0a2-445f-b212-1d28c8a43d5c,JABT003,fundas trasparentes 35 x 47 paquete de 50,LIMPIEZA,photo du produit à identifier et droits à confirmer
79660c86-beeb-4880-b5a7-b62cb0bc24e4,FUND007,fundas trasparentes 40 x 28 paquete de 50,LIMPIEZA,photo du produit à identifier et droits à confirmer
7592b4e9-a825-4b7b-bbd3-62346672b687,PLAS016,fusor xerox 110v 3428/3300,"COMPUTACIÓN, TECNOLOGÍA Y ACCESORIOS",photo du produit à identifier et droits à confirmer
5d3b4cd0-ecad-4e31-a0a1-19e0b4089aba,TXE101,fusor xerox 6180 675k92001,"COMPUTACIÓN, TECNOLOGÍA Y ACCESORIOS",photo du produit à identifier et droits à confirmer
03052113-9818-44b6-a815-6f1c52213dd1,CINT069,fusor xerox 6280 675k70595,"COMPUTACIÓN, TECNOLOGÍA Y ACCESORIOS",photo du produit à identifier et droits à confirmer
7ad4b0e3-78df-45c5-9ba9-86dae47db26c,FUS001,fusor xerox 6505n#604k64580,"COMPUTACIÓN, TECNOLOGÍA Y ACCESORIOS",photo du produit à identifier et droits à confirmer
a7445ccb-1d75-494f-9234-09670ad8411c,NEST003,fuze tea botella 550ml,ALIMENTOS Y BEBIDAS,photo du produit à identifier et droits à confirmer
68324bce-b4bd-431a-8bfd-ea4eee44dfbe,BOR009,gafas de proteccion para soldadura caja de 12,SEGURIDAD INDUSTRIAL,photo du produit à identifier et droits à confirmer
c3d27dbd-05a8-4ad1-8a49-7b77429f0e1d,GALL010,galletas amor en paquete,ALIMENTOS Y BEBIDAS,photo du produit à identifier et droits à confirmer
0a15f7a5-4079-47bb-a21f-0ebd5b8e0bf5,GALL008,galletas choco chips paquete,ALIMENTOS Y BEBIDAS,photo du produit à identifier et droits à confirmer
34324f5b-78f3-4d7e-a579-e8a7b668524e,TLE047,galletas de avena en paquete,ALIMENTOS Y BEBIDAS,photo du produit à identifier et droits à confirmer
c9c1583c-9c22-4e85-baad-3ae10dfcebd2,CHOC011,galletas de chocolate en paquete,ALIMENTOS Y BEBIDAS,photo du produit à identifier et droits à confirmer
0c70f94f-1eb7-4b83-8177-21fd255406f3,GALL002,galletas de coco en paquete,ALIMENTOS Y BEBIDAS,photo du produit à identifier et droits à confirmer
2af6197a-193f-4190-86aa-d75dbc464756,TEPS09,galletas de miel en paquete,ALIMENTOS Y BEBIDAS,photo du produit à identifier et droits à confirmer
50b13b2e-2861-4ed8-acc0-5490b441c1e9,GALL001,galletas ducales en paquete,ALIMENTOS Y BEBIDAS,photo du produit à identifier et droits à confirmer
117d4b6e-77b7-496a-8585-67eb4d4081e4,TEPC12,galletas kraker belvita en paquete,ALIMENTOS Y BEBIDAS,photo du produit à identifier et droits à confirmer
c7f077d4-4e1a-4442-b80b-d72d83caf6f6,GALL004,galletas maria en paquete,ALIMENTOS Y BEBIDAS,photo du produit à identifier et droits à confirmer
fac2177e-6d74-4552-a4a9-28f510854dd7,GALL009,galletas oreo en paquete,ALIMENTOS Y BEBIDAS,photo du produit à identifier et droits à confirmer
a15be123-3043-49e0-b2bf-3da7658f8a9c,TLE030,galletas rellenas en paquete,ALIMENTOS Y BEBIDAS,photo du produit à identifier et droits à confirmer
1768bcfc-9bd8-4685-b211-6a120887f109,GALL005,galletas ricas en paquete,ALIMENTOS Y BEBIDAS,photo du produit à identifier et droits à confirmer
a14bc806-26d3-42b2-9a2f-bebad5bc4d5c,TEPT09,galletas surtidas en paquete,ALIMENTOS Y BEBIDAS,photo du produit à identifier et droits à confirmer
2867d7ce-7fb2-419d-afbc-4a61ec0ad807,TILE034,gasas cureband caja de 24 sobres,MEDICINA,photo du produit à identifier et droits à confirmer
09bd6406-b9e3-43d2-b2be-86074a8276d4,TLE019,gasas parafinadas,MEDICINA,photo du produit à identifier et droits à confirmer
4252c8d6-f0aa-40fb-8c98-cde4dd064eab,GASE003,gaseosa 1/2 litro varios sabores,ALIMENTOS Y BEBIDAS,photo du produit à identifier et droits à confirmer
35cf7649-5552-4a75-849d-aa4effc2fe2f,THPC01,gaseosa 3 litros,ALIMENTOS Y BEBIDAS,photo du produit à identifier et droits à confirmer
fe574864-17a9-4a4b-ada6-95d096b2bf2c,TEPT20,gaseosa coca cola original 500 ml,ALIMENTOS Y BEBIDAS,photo du produit à identifier et droits à confirmer
0df36477-66da-4907-b5ba-77f819049d13,TEPS29,gaseosa light 300 ml,ALIMENTOS Y BEBIDAS,photo du produit à identifier et droits à confirmer
c99fe625-21e3-4391-8b74-4194b393dcae,ADV001,gaseosa light 500 ml,ALIMENTOS Y BEBIDAS,photo du produit à identifier et droits à confirmer
2806a527-3a05-4c99-8d2f-2ab492d6389d,TEPS35,gaseosa original 300 ml,ALIMENTOS Y BEBIDAS,photo du produit à identifier et droits à confirmer
b9a220f2-2f73-45ce-906c-f78efe2ea68a,DSCI001,gaseosa sin azucar 2 a 3 litros,ALIMENTOS Y BEBIDAS,photo du produit à identifier et droits à confirmer
1eef9b2e-3493-4873-8460-5b68de6025a8,GASE001,gatorade varios sabores,ALIMENTOS Y BEBIDAS,photo du produit à identifier et droits à confirmer
924a7aa3-02fc-42a8-83c7-59ac51a0d78b,THPC64,gel analgésico forte,MEDICINA,photo du produit à identifier et droits à confirmer
27ece8bd-62c6-4689-ab12-a771b653b42c,TLEC27,gel antibacterial 500ml,HIGIENE,photo du produit à identifier et droits à confirmer
8d91aee8-a922-45a1-a9a8-c35127df0d9d,CINT060,gel antibacterial familia 1000 ml para dispensador,HIGIENE,photo du produit à identifier et droits à confirmer
8bb58d9d-654e-400f-8970-8d871d28b58c,TEPS24,gel antibacterial pequeño con pulsador,HIGIENE,photo du produit à identifier et droits à confirmer
d9925de7-44bd-4964-859b-b9eb3489f820,TEPS54,gelatina,ALIMENTOS Y BEBIDAS,photo du produit à identifier et droits à confirmer
607ce99f-71a8-4476-bb5e-0f75893532e9,TLEO08,gemas adhesivas,"MUEBLES, HOGAR Y BAZAR",photo du produit à identifier et droits à confirmer
27c3c48b-f7c4-4c0a-a298-44acbc5f7139,THP024,genbexil 160 mg ampolla + jeringa,MEDICINA,photo du produit à identifier et droits à confirmer
4e3a58ec-6d92-41b6-a0bc-42cb5c248c2b,THPC155,gentamicina 160 mg ampolla,MEDICINA,photo du produit à identifier et droits à confirmer
cf67dd23-2609-4030-93d2-b2f03a1db0e7,TLEO07,gift card,SERVICIOS,service sans objet physique
2c644f4b-0550-46b5-a72a-de6c23dd8cbb,TEPS30,gomitas,ALIMENTOS Y BEBIDAS,photo du produit à identifier et droits à confirmer
b6355e36-e731-4af0-af3e-c2facf496605,IMPR005,grabado - impresion - personalizacion producto,SERVICIOS,service sans objet physique
bb59fcda-c2d8-45e8-aab4-7ecde203abb6,REGL06,graduador,SUMINISTROS ESCOLARES,photo du produit à identifier et droits à confirmer
8a836800-357d-4567-85f8-c67c854cf3c8,TRIC27,granos-lenteja-canguil-frejol-,ALIMENTOS Y BEBIDAS,photo du produit à identifier et droits à confirmer
c18c14b1-f480-48a2-a3f8-5aecbb05762b,GRAP004,grapadora kw 50 lbn semi industrial 210 hojas,SUMINISTROS DE OFICINA,photo du produit à identifier et droits à confirmer
626306ae-bd9d-4bc2-965b-4f23d18390a4,GKWS03,grapadora kw 5000 industrial 240 hojas,SUMINISTROS DE OFICINA,photo du produit à identifier et droits à confirmer
f4c99829-d83c-4eef-b6f5-65b066a09f6d,GRAP006,grapadora kw 5010 metalica mediana,SUMINISTROS DE OFICINA,photo du produit à identifier et droits à confirmer
4a397aee-39f3-46aa-acdb-cc23f2f10e28,GRAP015,grapadora kw 5320,SUMINISTROS DE OFICINA,photo du produit à identifier et droits à confirmer
6225316c-e398-4da8-bac6-3d44a786cb00,GRAP018,grapadora manual tipo pistola,SUMINISTROS DE OFICINA,photo du produit à identifier et droits à confirmer
10cff8e4-abee-4755-bd21-e1d24f0d7132,GKWM04,grapadora maped green logic,SUMINISTROS DE OFICINA,photo du produit à identifier et droits à confirmer
424ec5df-ecd7-48e2-8301-96820b5e46e1,GRAP014,grapadora maped metalica grande,SUMINISTROS DE OFICINA,photo du produit à identifier et droits à confirmer
84941b7b-eefd-4da0-a565-809a297b060b,GRAP013,grapadora maped metalica mediana,SUMINISTROS DE OFICINA,photo du produit à identifier et droits à confirmer
a4531177-e3fc-4b6c-90ef-c6e99f0e9c4b,GRAP016,grapadora mediana,SUMINISTROS DE OFICINA,photo du produit à identifier et droits à confirmer
beb85c8e-4a1b-4bdd-84ad-4c81fe85000d,GEAG01,grapadora swingline 711,SUMINISTROS DE OFICINA,photo du produit à identifier et droits à confirmer
0e96d280-f866-42c9-a864-37ae8cbd7e77,GBES02,grapadora swingline semi industrial,SUMINISTROS DE OFICINA,photo du produit à identifier et droits à confirmer
1b410829-9271-48eb-b1f2-99d7c4659760,GRAP020,grapas especiales,SUMINISTROS DE OFICINA,photo du produit à identifier et droits à confirmer
aadbaecb-bddb-4824-9b8b-e32d854e0d25,GRA007,grapas semi industriales 23/12,SUMINISTROS DE OFICINA,photo du produit à identifier et droits à confirmer
7c18e1cc-d653-4507-851f-20033b35081e,GRA009,grapas semi industriales 23/14,SUMINISTROS DE OFICINA,photo du produit à identifier et droits à confirmer
d116a859-a11a-4a8e-ac1d-cc24abd71344,GRAS007,grapas semi industriales 23/17,SUMINISTROS DE OFICINA,photo du produit à identifier et droits à confirmer
d02cb17a-7e67-4426-8ac8-f50de980d7ed,GUAN008,guantes latex varios usos,SEGURIDAD INDUSTRIAL,photo du produit à identifier et droits à confirmer
dee7a27f-2920-4c35-a9f3-fa4b000d505c,TKM021,guardian,LIMPIEZA,photo du produit à identifier et droits à confirmer
d53596cc-7f24-47d6-baf1-ea0e2db36748,GUIAQ1,guia informativa de ecuador,SUMINISTROS DE OFICINA,photo du produit à identifier et droits à confirmer
4c9ea8d5-b8e1-4330-9ccb-fde40962727f,GIRA001,guirnaldas varias medidas,"MUEBLES, HOGAR Y BAZAR",photo du produit à identifier et droits à confirmer
5f0f788e-d50b-43a0-a7e3-912825ff4a41,TLEO30,habas,ALIMENTOS Y BEBIDAS,photo du produit à identifier et droits à confirmer
93ad37bf-c29b-4689-ae65-f64eefd32b47,TLET10,harina,ALIMENTOS Y BEBIDAS,photo du produit à identifier et droits à confirmer
a4a29d8a-9cf8-4f19-8963-63f81210a5c6,HEPH013,headphone,"COMPUTACIÓN, TECNOLOGÍA Y ACCESORIOS",photo du produit à identifier et droits à confirmer
4d97e30e-19ea-4057-afb0-94905709cef5,TXE059,hebilla para zuncho,FERRETERÍA,photo du produit à identifier et droits à confirmer
9f502021-951d-4fde-83e8-231a0e87335a,THPC66,hepalive forte capsula,MEDICINA,photo du produit à identifier et droits à confirmer
dd453367-3043-4c95-88a5-1762df7c1678,TEPS64,hidrasec 100 mg caja de 9,MEDICINA,photo du produit à identifier et droits à confirmer
579678f8-1640-4905-8ffa-3ed9e6fa472c,TEPC09,hielera,EQUIPOS E IMPLEMENTOS DE COCINA Y CAFETERÍA,photo du produit à identifier et droits à confirmer
8c95b241-5430-4592-8f87-196ba1fb8656,HILO01,hilo de chillo,"MUEBLES, HOGAR Y BAZAR",photo du produit à identifier et droits à confirmer
33bb9f48-1d60-42fc-a4a1-326b98126d63,TLE022,hilo de costura,"MUEBLES, HOGAR Y BAZAR",photo du produit à identifier et droits à confirmer
c295af1e-59ff-41fb-aa3c-5ae0b8196440,HOJA09,hojas de papel de colores a4 paquete de 10,SUMINISTROS DE OFICINA,photo du produit à identifier et droits à confirmer
0324070b-a4e3-4cbf-bfa4-e77f8f83306c,TEPS71,ibufen 600 mg caja de 20,MEDICINA,photo du produit à identifier et droits à confirmer
d90c4b40-94b5-4adc-83f2-1b1ec01d583e,IBUP01,ibuprofeno 600 mg,MEDICINA,photo du produit à identifier et droits à confirmer
345cb88f-5eb7-465a-ade6-f632d02b31b2,IMPR003,impresora epson multifuncional,"COMPUTACIÓN, TECNOLOGÍA Y ACCESORIOS",photo du produit à identifier et droits à confirmer
489701df-5e75-4cab-b9e0-300342e47856,IMPR008,impresora hp multifuncional,"COMPUTACIÓN, TECNOLOGÍA Y ACCESORIOS",photo du produit à identifier et droits à confirmer
0c7364f5-64c8-42fd-84a4-04f147f6ad87,IMPR002,impresora samsung multifuncional,"COMPUTACIÓN, TECNOLOGÍA Y ACCESORIOS",photo du produit à identifier et droits à confirmer
f687ce08-8cbf-4a47-b76b-5f052081b145,VELA015,incienso en caja varios aromas,"MUEBLES, HOGAR Y BAZAR",photo du produit à identifier et droits à confirmer
c1e79368-ecdc-4ced-a3c4-16f9ba755051,TACH003,individuales de cocina,EQUIPOS E IMPLEMENTOS DE COCINA Y CAFETERÍA,photo du produit à identifier et droits à confirmer
56418076-576a-409e-8e2c-d726df0be8e8,THPC157,inflacor retard 6/6 mg ampolla,MEDICINA,photo du produit à identifier et droits à confirmer
822adc2a-918e-4278-8440-f3288894795c,GLO015,inflador de globos,"MUEBLES, HOGAR Y BAZAR",photo du produit à identifier et droits à confirmer
f97bc611-dcd6-4328-9ff5-6d06420c0f90,INSC002,insecticida - repelente,LIMPIEZA,photo du produit à identifier et droits à confirmer
a1d19190-7d39-43a4-a422-96f8c861e1d8,INSC001,insecticida en spray,LIMPIEZA,photo du produit à identifier et droits à confirmer
b7b7adb5-00a5-4a2a-a037-213c7cdbc6a3,TSHA30,insumos de cocina,EQUIPOS E IMPLEMENTOS DE COCINA Y CAFETERÍA,photo du produit à identifier et droits à confirmer
5a9f5d7c-260f-472f-aac5-93fe5fb1ea51,TPA002,insumos de fiesta - confetti - globos - chocolates - dulces,"MUEBLES, HOGAR Y BAZAR",photo du produit à identifier et droits à confirmer
49c810a2-ba4d-44c0-a4dc-7ff65c220e0c,TSAM03,insumos de seguridad industrial,SEGURIDAD INDUSTRIAL,photo du produit à identifier et droits à confirmer
90bcfcc4-5a43-4a52-a809-92bba57b142c,TICA022,insumos medicos iva 0%,MEDICINA,photo du produit à identifier et droits à confirmer
a22bc0d4-55e5-4998-8f23-570ae942f0e7,TCAB78,insumos medicos iva 12%,MEDICINA,photo du produit à identifier et droits à confirmer
819d5633-c4d0-4989-b802-10714362e7db,PLAN001,insumos para cabello,"MUEBLES, HOGAR Y BAZAR",photo du produit à identifier et droits à confirmer
bf423c10-f0f5-4ceb-aa94-6df512743c38,BAL002,insumos plasticos,LIMPIEZA,photo du produit à identifier et droits à confirmer
30948d4d-3b00-4043-ad31-e6a6f4aaa070,DETG009,jabon espuma autofoam kleenex para dispensador,HIGIENE,photo du produit à identifier et droits à confirmer
5ecba52d-1bf7-47b5-a930-f9ca845a475c,JABT006,jabon liquido 800 ml para dispensador,HIGIENE,photo du produit à identifier et droits à confirmer
9b0e25f3-8ebc-4875-b3c7-a5338720c1fd,CAL050,jabon liquido caneca,HIGIENE,photo du produit à identifier et droits à confirmer
6e878531-16b2-49f2-ad1a-f3707fefac7f,TICA021,jabon liquido dr. clean galon,HIGIENE,photo du produit à identifier et droits à confirmer
740c8f13-4fb0-4da8-b5ae-e8e3f595175b,JABT002,jabon refill,HIGIENE,photo du produit à identifier et droits à confirmer
29283a27-250a-495a-bb1e-06f215cf764d,TXE097,jeringuilla,MEDICINA,photo du produit à identifier et droits à confirmer
12c61714-73f2-48ca-b044-cf711aa12c30,TAZA002,juego de cafe,EQUIPOS E IMPLEMENTOS DE COCINA Y CAFETERÍA,photo du produit à identifier et droits à confirmer
5a08296b-14dc-4b59-a56f-fa1bd5aeb70e,ATC016,juego de destornilladores,FERRETERÍA,photo du produit à identifier et droits à confirmer
820b8566-2824-4830-964f-a1c323335d31,JUGO004,jugo - avena - yogurt varias presentaciones,ALIMENTOS Y BEBIDAS,photo du produit à identifier et droits à confirmer
dd6abbee-49a6-47bf-8167-aae0b148f70b,TCAB108,k acetatos plasticos protectores de hoja paquete de 10,SUMINISTROS DE OFICINA,photo du produit à identifier et droits à confirmer
dfd02322-0f70-4c72-83ec-9e7dcf304d0a,TCAB116,k cartulina fluorescente a4 paquete de 10,SUMINISTROS ESCOLARES,photo du produit à identifier et droits à confirmer
da927c30-2cad-48c1-a57c-869f1487966d,TLEC13,k encendedor handy con fosforera caja x 20,FERRETERÍA,photo du produit à identifier et droits à confirmer
fa42baf8-a410-4e66-9e19-f44e0df27f87,TCAB110,k esferos negro y azul paquete de 6,SUMINISTROS DE OFICINA,photo du produit à identifier et droits à confirmer
b1720051-64f6-42f9-bbe1-2489606f0edd,TCAB114,k folder manila colores intensos paquete de 12,SUMINISTROS DE OFICINA,photo du produit à identifier et droits à confirmer
13d99107-5ed9-4d7d-86b7-d4de3c07dcb4,TLEC14,k fosforera maxi caja x 50,FERRETERÍA,photo du produit à identifier et droits à confirmer
f86cae19-8742-4ad6-85b4-75e9b81c5cdf,TCAB112,"k marcador permanente negro, azul, verde, rojo paq de 6",SUMINISTROS DE OFICINA,photo du produit à identifier et droits à confirmer
42f1b48a-ef03-4f9f-a464-abf3a17d74df,TCAB113,"k marcador resaltador amarillo, verde, celeste paq de 3",SUMINISTROS DE OFICINA,photo du produit à identifier et droits à confirmer
5425e368-1451-4619-8286-6a37382d7962,TCAB111,"k marcador tiza liquida negro, azul, verde paquete de 6",SUMINISTROS DE OFICINA,photo du produit à identifier et droits à confirmer
e943a511-f948-46a5-a129-df27e59e7c2f,ACH8004,k-marcadores de cd x 3 und.,SUMINISTROS DE OFICINA,"code-barres associé à un archivador chez la source, mais fiche GAMA intitulée marqueurs CD ; identification à confirmer"
3224ab53-70b1-4ff1-ba3f-8f3edc5202c3,THPC156,kinesiotape,MEDICINA,photo du produit à identifier et droits à confirmer
3f517301-47d2-4913-8ac0-abeb7935ec61,TEPS36,kit de cumpleaños,"MUEBLES, HOGAR Y BAZAR",photo du produit à identifier et droits à confirmer
f70f1ddf-ccb4-4382-ab53-b45e9be03c59,HERR001,kit de herramientas,FERRETERÍA,photo du produit à identifier et droits à confirmer
ec571267-de56-46cd-9cd2-9db8470cce94,KITX027,kit de mantenimiento epson,"COMPUTACIÓN, TECNOLOGÍA Y ACCESORIOS",photo du produit à identifier et droits à confirmer
479a529f-e90b-471f-ac06-a5ff334e4920,THPP01,kit de mantenimiento hp q5997a automatico,"COMPUTACIÓN, TECNOLOGÍA Y ACCESORIOS",photo du produit à identifier et droits à confirmer
03eacdab-f68f-4d53-9c5f-d93271aae235,CLIP008,kit de salud y medicina,MEDICINA,photo du produit à identifier et droits à confirmer
e186ecde-45c1-46fc-b512-af7af5beb39d,FLAU01,kit escolar,SUMINISTROS ESCOLARES,photo du produit à identifier et droits à confirmer
dff80b29-e257-4b91-8ee9-1b35ebb5a444,CLIP003,kit escolar iva 0%,SUMINISTROS ESCOLARES,photo du produit à identifier et droits à confirmer
3264954e-92f9-4e7e-ae32-dd1e229ccbd7,TCCA02,kleartos menta 8 mg capsula,MEDICINA,photo du produit à identifier et droits à confirmer
f931c63f-9e64-4070-baa0-678c3227faf9,THPC154,kufer q recargada capsula,MEDICINA,photo du produit à identifier et droits à confirmer
61404ff2-9f46-4ff2-95d8-14cf3df57496,CORC003,lamina de corcho varias medidas,SUMINISTROS DE OFICINA,photo du produit à identifier et droits à confirmer
19b61c2f-ceaa-404a-b6a1-1bb85ede1a5a,LAMP01,lamina imantada,FERRETERÍA,photo du produit à identifier et droits à confirmer
a717f3df-36e5-46d2-898c-75607c8b955b,LAMESC,laminas escolares varios temas,SUMINISTROS ESCOLARES,photo du produit à identifier et droits à confirmer
d9af11ab-8fc9-40ed-a9e7-6587e1af5099,CART001,lapiz de contabilidad eagle azul,SUMINISTROS DE OFICINA,photo du produit à identifier et droits à confirmer
b485b61b-87c5-4741-a7a9-206d6e4dd5e3,MED007,lapiz de contabilidad staedtler luna azul,SUMINISTROS DE OFICINA,photo du produit à identifier et droits à confirmer
20f2c821-6567-43c2-9805-67d832c26296,LAPZ010,lapiz de contabilidad universal azul,SUMINISTROS DE OFICINA,photo du produit à identifier et droits à confirmer
73c29ee0-82bc-46a2-ba30-40016dc553e3,CT0020,lapiz de dibujo tecnico mephisto,SUMINISTROS DE OFICINA,photo du produit à identifier et droits à confirmer
e6e0e4a1-49a4-49b0-924a-2b966742aed2,PILA009,lapiz de dibujo tecnico reliance,SUMINISTROS DE OFICINA,photo du produit à identifier et droits à confirmer
d1e1581d-15e2-4da4-8810-b7a2c9b5443b,GUIL001,lapiz de dibujo tecnico venus amarillo,SUMINISTROS DE OFICINA,photo du produit à identifier et droits à confirmer
4331010c-39e0-47f5-b988-40d0c01bb118,CARE006,lapiz de papel artesco,SUMINISTROS DE OFICINA,photo du produit à identifier et droits à confirmer
011e6f97-fbc4-4183-bc2f-d20416dfd620,PARL028,laptop,"COMPUTACIÓN, TECNOLOGÍA Y ACCESORIOS",photo du produit à identifier et droits à confirmer
4c69b838-54c8-4dec-ad6e-c3a523b6e108,DES026,lavador 100,LIMPIEZA,photo du produit à identifier et droits à confirmer
81569a9f-6f06-4732-af2d-e633b35ef0db,LAVA002,lavavajilla 4000 gr,LIMPIEZA,photo du produit à identifier et droits à confirmer
aca5d6b9-5bb8-453f-b8b3-c075617709d5,CINT051,leche svelty,ALIMENTOS Y BEBIDAS,photo du produit à identifier et droits à confirmer
559ccb05-9c42-4b93-a607-341f1cd2ec1a,TICA017,lego o bloque de construccion varios modelos y tamaños,SUMINISTROS ESCOLARES,photo du produit à identifier et droits à confirmer
506f6a7a-b27e-4bb2-ba42-386f510916fd,THPQ42,lentejuelas varios colores,SUMINISTROS ESCOLARES,photo du produit à identifier et droits à confirmer
d7269add-cd2a-441a-80c6-d9711074dbdd,RESA002,letras feliz cumpleanos o viva quito,"MUEBLES, HOGAR Y BAZAR",photo du produit à identifier et droits à confirmer
b8bcd650-c58f-4d3b-861e-c9315f84d01e,TCAB88,letrero - señaletica de seguridad,SEGURIDAD INDUSTRIAL,photo du produit à identifier et droits à confirmer
79111f29-cee1-472a-b02e-69272008b106,LIBR001,libreta de borrador cuadros o lineas,SUMINISTROS DE OFICINA,photo du produit à identifier et droits à confirmer
f721311e-a5b5-4ad0-9262-e6682ed4a846,TKM015,libro de cuentos,SUMINISTROS ESCOLARES,photo du produit à identifier et droits à confirmer
ae49b075-fca1-4f60-8605-28662a899797,TLEC16,libro de fabula,SUMINISTROS ESCOLARES,photo du produit à identifier et droits à confirmer
6aa182f3-6075-41c9-b598-b8577d84c2bc,TSHA27,libros varios,SUMINISTROS ESCOLARES,photo du produit à identifier et droits à confirmer
117b8000-6dbc-4095-8f6f-c5fdbc22f7d8,THPQ62,lienzo - bastidor- caballete,SUMINISTROS ESCOLARES,photo du produit à identifier et droits à confirmer
9730f7c5-23da-42e5-ab44-250766138ad6,LIGA004,ligas 100 gr funda pequeña,SUMINISTROS DE OFICINA,photo du produit à identifier et droits à confirmer
fd9f36d9-35b7-491e-8784-e09806aa411f,LIJAGU,lijas de agua,FERRETERÍA,photo du produit à identifier et droits à confirmer
927c346a-9b16-4f7a-8708-8ff3256e5e7e,TEPC03,"lijas de agua 3m grano 240 5"" caja de 50",FERRETERÍA,photo du produit à identifier et droits à confirmer
a0989103-31e6-43d3-88ae-5d3b33d8f746,CINT071,limpiador para alfombras spray,LIMPIEZA,photo du produit à identifier et droits à confirmer
bd1ff5cb-b56d-42a2-9c3b-4831ace39387,TCAB41,limpiador para llantas,LIMPIEZA,photo du produit à identifier et droits à confirmer
c6be6162-5d6b-4293-82df-86f19a5b257a,MEDN01,limpiavidrios 901 1000 ml,LIMPIEZA,photo du produit à identifier et droits à confirmer
d1a96521-1366-4ac4-a383-6af3d6233db4,TEPC11,limpiavidrios sinai galon,LIMPIEZA,photo du produit à identifier et droits à confirmer
fd94b2e2-5da7-49a3-8586-d6ae6fc8fa7e,PAK026,limpion en rollo 600 metros,LIMPIEZA,photo du produit à identifier et droits à confirmer
142abf23-7e8a-47dd-b453-a1cf73e64b68,ALBU01,limpion natural en l,LIMPIEZA,photo du produit à identifier et droits à confirmer
41070d7b-a952-42dd-a48c-80584fbde708,BATE002,limpion wypall l10 bananero,LIMPIEZA,photo du produit à identifier et droits à confirmer
0e0dd17e-5266-4178-a76f-6df7ccabed66,PAKC021,limpion wypall x70 hojas interfoliadas,LIMPIEZA,photo du produit à identifier et droits à confirmer
0ad02545-df1b-4fc7-b165-9f7eed226909,THPC05,lincomicina 600 mg ampolla,MEDICINA,photo du produit à identifier et droits à confirmer
541f0633-10c5-49c9-a806-dbdc74f17222,LINT02,linterna varios modelos,FERRETERÍA,photo du produit à identifier et droits à confirmer
b7f4cbe8-f72e-4bd8-93a1-590d3acf46a4,PAPB016,liquido penetrante wd-40 o 3 en 1,FERRETERÍA,photo du produit à identifier et droits à confirmer
7ab69786-cfe2-491f-895f-c766dc9b9f9a,LIMP33,llavero d1,FERRETERÍA,photo du produit à identifier et droits à confirmer
815648c9-f3b0-45f9-85dd-be5421b0f4e1,TCAB81,loratadina caja,MEDICINA,photo du produit à identifier et droits à confirmer
b04c989e-2b83-469b-96ae-92615535f10e,THPQ60,luces de navidad,"MUEBLES, HOGAR Y BAZAR",photo du produit à identifier et droits à confirmer
840a8da6-747d-45aa-b4aa-e6faca59cb37,TIHP119,lustramuebles en crema 250 ml,LIMPIEZA,photo du produit à identifier et droits à confirmer
14588bd0-5afb-404c-874b-3bc39ead29ca,THPC77,lustramuebles en crema 500 ml,LIMPIEZA,photo du produit à identifier et droits à confirmer
37f38c2a-76c4-4c27-bd94-3ae6337a45cf,THPC222,m archivador tipo caja archipractico no. 3 caja de 25,SUMINISTROS DE OFICINA,photo du produit à identifier et droits à confirmer
fe1b300a-fd43-4ed4-a16e-f4e2c9622c0b,TKM003,m candados de seguridad tipo amarra paquete de 100,FERRETERÍA,photo du produit à identifier et droits à confirmer
abe09e4e-c597-4350-bf79-92c2f0972b5f,THPC03,m carpetas manila oficio beige paquete de 50,SUMINISTROS DE OFICINA,photo du produit à identifier et droits à confirmer
1d44916b-c4c0-4813-914b-c77cab17c822,THPC70,m carpetas manila oficio color intenso paquete de 50,SUMINISTROS DE OFICINA,photo du produit à identifier et droits à confirmer
ce9f0e1d-2d5f-49f6-9993-b66f76032d9c,TEPS11,m cartulina bristol a4 paquete de 100 b-r-a-v-c,SUMINISTROS DE OFICINA,photo du produit à identifier et droits à confirmer
e8fbab31-9c1a-464a-9ad4-6b8ed6910532,THPC139,m cartulina kimberly a4 blanco marfil paquete de 100,SUMINISTROS DE OFICINA,photo du produit à identifier et droits à confirmer
6811f79b-e91a-40a0-8898-b1d43a898140,PAPE010,m disco no. 17 3m blanco abrillantador caja de 5,LIMPIEZA,photo du produit à identifier et droits à confirmer
fd58e346-c9e2-4e41-94cf-584479b5c4d1,TIHP090,m disco no. 17 3m negro removedor caja de 5,LIMPIEZA,photo du produit à identifier et droits à confirmer
4b20165f-0fb2-483e-817e-0d51b1cc9bf2,THPC99,m disco no. 17 3m rojo pulidor caja de 5,LIMPIEZA,photo du produit à identifier et droits à confirmer
04289b8c-858f-4e84-9f86-281f18cfb65e,THPC28,m disco no. 20 3m blanco abrillantador caja de 5,LIMPIEZA,photo du produit à identifier et droits à confirmer
b452be38-db98-4b22-b094-523bc3f5e645,THPQ25,m disco no. 20 3m negro removedor caja de 5,LIMPIEZA,photo du produit à identifier et droits à confirmer
4045fde3-20d7-406f-a63d-93a889650a38,THPC02,m disco no. 20 3m rojo pulidor caja de 5,LIMPIEZA,photo du produit à identifier et droits à confirmer
5b728853-de64-4707-aa88-cc37dbfbd454,TIHP036,m folder colgante verde paquete de 25,SUMINISTROS DE OFICINA,photo du produit à identifier et droits à confirmer
53e541a6-d119-454d-8538-55c967e47ac5,TEPT13,m leche litro caja de 12,ALIMENTOS Y BEBIDAS,photo du produit à identifier et droits à confirmer
0531ad56-fe92-4471-ba42-bf45d515fddf,TIHP077,m micas tamaño a4 paquete de 100,SUMINISTROS DE OFICINA,photo du produit à identifier et droits à confirmer
af26223f-9d3c-493c-836f-c5002504d3ad,TIHP005,m papel higienico jumbo 250 metros paquete de 4,HIGIENE,photo du produit à identifier et droits à confirmer
2a5ca3f7-e8e8-4442-b207-42facab114aa,THPC45,m sobres corporativos impresos oficio paquete de 50,SUMINISTROS DE OFICINA,photo du produit à identifier et droits à confirmer
f3efb322-7f93-4e02-9e5c-085984f3dc7a,THP026,m sobres manila f-3 a4 paquete de 100,SUMINISTROS DE OFICINA,photo du produit à identifier et droits à confirmer
78bedc7b-7519-4bb6-97a5-9b1a5c00f405,TEPS50,m sobres manila f-4 oficio paquete de 100,SUMINISTROS DE OFICINA,photo du produit à identifier et droits à confirmer
fc19c956-8821-47a3-a072-0c73139d75c2,MAND01,mandil varias medidas,MEDICINA,photo du produit à identifier et droits à confirmer
a4cb24d9-92bc-42d3-935c-d56fb0ac804a,MANG01,manguera para agua,FERRETERÍA,photo du produit à identifier et droits à confirmer
fdb63893-eab4-4f83-b64e-99651e6cf927,MANI012,mani en paquete,ALIMENTOS Y BEBIDAS,photo du produit à identifier et droits à confirmer
ad749e88-0168-4d7c-99fa-3230074780c7,THPC147,manta de aluminio,MEDICINA,photo du produit à identifier et droits à confirmer
1c90d2e0-5615-4852-ae8e-bd86c55c1f49,MAP001,mapa varias presentaciones y medidas,SUMINISTROS DE OFICINA,photo du produit à identifier et droits à confirmer
e5c85b03-f211-4621-93f3-7eb8762120ee,TLE061,maquillaje varios,HIGIENE,photo du produit à identifier et droits à confirmer
4ee560af-8982-4d15-8ea3-a2970d8bfd4e,CII048,maquina de escribir,EQUIPOS DE OFICINA,photo du produit à identifier et droits à confirmer
57dcb57a-5b44-4707-a6ce-fcf03234aad7,AGEN005,maquina zunchadora,FERRETERÍA,photo du produit à identifier et droits à confirmer
9d8f0743-b6c5-4a92-9b58-0e05f9c1b18a,TEM003,marcador lavable uniball uni posca tinta de agua,SUMINISTROS DE OFICINA,photo du produit à identifier et droits à confirmer
da76d9b3-1b9c-499a-9a92-a1acccac1ed9,DETG011,marcador para cd juego de 3 colores,SUMINISTROS DE OFICINA,photo du produit à identifier et droits à confirmer
52f7a8eb-6c5e-4d2d-ab90-160f70a600d8,MARC002,marcador para vidrio,SUMINISTROS DE OFICINA,photo du produit à identifier et droits à confirmer
84e66c1b-156b-41fb-82f0-9b819ee39f23,MUECRE,marcador permanente pentel punta fina,SUMINISTROS DE OFICINA,photo du produit à identifier et droits à confirmer
a858c71c-ddd9-44a2-8fed-62f1cb6c5a8c,GASTRA,marcador permanente pentel stylo jm10 punta fina violeta,SUMINISTROS DE OFICINA,photo du produit à identifier et droits à confirmer
bee44d95-e634-4152-9a18-6a7e5bcafe83,MMP048,marcador permanente snowman 450 punta gruesa recargable,SUMINISTROS DE OFICINA,photo du produit à identifier et droits à confirmer
b957ac5f-9038-4c6c-92f3-916352eb9fec,MMP056,marcador permanente yoka punta gruesa recargable,SUMINISTROS DE OFICINA,photo du produit à identifier et droits à confirmer
f5e7a92c-23bc-42e6-90d0-d6c1105bcb0c,RESA006,marcador resaltador snowman lp-10 colores,SUMINISTROS DE OFICINA,photo du produit à identifier et droits à confirmer
f859188e-878c-48eb-a912-c02fd1cc2ee0,RESA007,marcador resaltador stabilo aleman colores,SUMINISTROS DE OFICINA,photo du produit à identifier et droits à confirmer
d13978e7-e97f-436e-a06f-574a122194eb,THPC105,marcador snowman 500 punta extra gruesa recargable,SUMINISTROS DE OFICINA,photo du produit à identifier et droits à confirmer
e0575bb0-6600-4d60-b0a3-a3e7dfbf14f3,MARP005,marcador tipo rapidografo punta fina metalica,SUMINISTROS DE OFICINA,photo du produit à identifier et droits à confirmer
d66e4e27-f0f3-4159-b2dc-3b804b57ba5b,TILQ003,marcador tiza liquida expo punta gruesa,SUMINISTROS DE OFICINA,photo du produit à identifier et droits à confirmer
ce9f8296-9098-4a9d-b42c-57336268c0d0,ARAC005,marcadores chalk-uni juego de 8 colres,SUMINISTROS DE OFICINA,photo du produit à identifier et droits à confirmer
1b4c7eae-8b0f-4172-be9f-21ac4ee9b256,MMP033,marcadores juego de 12 colores,SUMINISTROS ESCOLARES,photo du produit à identifier et droits à confirmer
80ae76d4-6061-4d54-968f-2522f6a555fc,MMP101,marcadores juego de 24 colores,SUMINISTROS ESCOLARES,photo du produit à identifier et droits à confirmer
06a9b600-c9ae-4b97-bb90-22898e04265a,MARP009,marcadores juego de 36 colores,SUMINISTROS DE OFICINA,photo du produit à identifier et droits à confirmer
7fa92a50-9f6d-4b39-8436-59e9f8a2955c,MMP100,marcadores juego de 8 colores,SUMINISTROS ESCOLARES,photo du produit à identifier et droits à confirmer
648af91c-ac1d-4a40-a16c-7048af7f31d3,MMP092,marcadores permanentes punta fina juego de 4 colores,SUMINISTROS DE OFICINA,photo du produit à identifier et droits à confirmer
936d9634-6821-4bd3-9e38-2a47977f2a18,MART001,martillo - mazo de goma - playo - alambre,FERRETERÍA,photo du produit à identifier et droits à confirmer
ade354a7-3d17-4ad9-8e3b-87e53872d2b9,TLEX07,masa moldeable,SUMINISTROS ESCOLARES,photo du produit à identifier et droits à confirmer
685ed750-215d-42b3-8190-5f3cb6191f13,THPQ43,"masking tape 12x20 1/2""",SUMINISTROS DE OFICINA,photo du produit à identifier et droits à confirmer
dee879fc-fc36-49d5-8e27-09998f6c5fed,THPC78,"masking tape 18 x 20 3/4""",SUMINISTROS DE OFICINA,photo du produit à identifier et droits à confirmer
ab6017f7-3b85-4be8-a301-5aec818d52ea,TKM027,"masking tape 24x20 1""",SUMINISTROS DE OFICINA,photo du produit à identifier et droits à confirmer
7504c2c7-4c0f-4a7a-a567-627ca070b63a,THPC79,"masking tape 36 x 20 1 1/2""",SUMINISTROS DE OFICINA,photo du produit à identifier et droits à confirmer
ed694f63-3541-42b1-b36d-739e9d4b5897,TKM023,masking tape 36x40 1 1/2,SUMINISTROS DE OFICINA,photo du produit à identifier et droits à confirmer
c6a50078-4bb7-4604-88d0-a2f2c008a5a1,THPC80,"masking tape 48 x 20 2""",SUMINISTROS DE OFICINA,photo du produit à identifier et droits à confirmer
5a046b0e-9115-4665-a8dc-ef9f63d8ed71,TCAB91,masmelos marshmallows,ALIMENTOS Y BEBIDAS,photo du produit à identifier et droits à confirmer
7aa80d5d-8b08-483d-b624-378d33fa1413,DHLC12,mayonesa,ALIMENTOS Y BEBIDAS,photo du produit à identifier et droits à confirmer
5e138af9-d86e-4e5e-86c0-8158fe3792b9,MEBO02,mebo crema,MEDICINA,photo du produit à identifier et droits à confirmer
7c6e6e6e-c2de-498d-9b1f-49b306eec032,TIHP004,mebo unguento 15 gr,MEDICINA,photo du produit à identifier et droits à confirmer
1f6f15ef-e4f5-46ca-ab15-0053b2cca51f,MEBO01,mebocaina tabletas,MEDICINA,photo du produit à identifier et droits à confirmer
8d8fcf76-bcff-4532-bc16-0406077ef92d,CORP001,medicinas,MEDICINA,photo du produit à identifier et droits à confirmer
bb49e1bb-a897-4f1a-a3f2-d80765d2a77b,THPC44,megacilina forte 4 000 000 u.i. ampolla,MEDICINA,photo du produit à identifier et droits à confirmer
41fb78e9-9aa9-42e8-8142-fa975a8dc168,MEGA002,megafono,EQUIPOS DE OFICINA,photo du produit à identifier et droits à confirmer
c2d99121-4029-440c-b46e-578bfb2b33ec,TLE045,melvas en paquete,ALIMENTOS Y BEBIDAS,photo du produit à identifier et droits à confirmer
f0a5ac03-1af2-4151-ab37-668610d36ad9,MEMO004,memory flash 128 gb,"COMPUTACIÓN, TECNOLOGÍA Y ACCESORIOS",photo du produit à identifier et droits à confirmer
2bab4b0f-4ae3-45b3-898e-263a2462146b,MEMO003,memory flash 256 gb,"COMPUTACIÓN, TECNOLOGÍA Y ACCESORIOS",photo du produit à identifier et droits à confirmer
662fe70c-7a91-4376-8ae7-6d33e1323354,DATA004,memory flash8 gb,"COMPUTACIÓN, TECNOLOGÍA Y ACCESORIOS",photo du produit à identifier et droits à confirmer
1934e53a-1431-4fbe-ba9b-30ac22a2658a,MENT01,mentol chino,MEDICINA,photo du produit à identifier et droits à confirmer
458771e6-28f8-46e4-95b1-dff0842da2a9,TSHA19,mesa o escritorio,"MUEBLES, HOGAR Y BAZAR",photo du produit à identifier et droits à confirmer
486045e0-2275-4dd0-b75e-f41116403b34,TEPT21,metoclox ampolla,MEDICINA,photo du produit à identifier et droits à confirmer
58bf241b-6d31-493c-a263-a2fd4ab1b17b,THPC68,"metotrexato 2,5 mg",MEDICINA,photo du produit à identifier et droits à confirmer
8e2cf080-5922-490b-a6c5-6db521f08f07,PROT022,mica protectora,SUMINISTROS DE OFICINA,photo du produit à identifier et droits à confirmer
bcac2294-571c-4463-803a-48ecd3a1dd80,MEMO001,micro sd,"COMPUTACIÓN, TECNOLOGÍA Y ACCESORIOS",photo du produit à identifier et droits à confirmer
82551906-4d01-4fe5-9422-6f98b4759c2e,FILM006,microfono,"COMPUTACIÓN, TECNOLOGÍA Y ACCESORIOS",photo du produit à identifier et droits à confirmer
44e3b7c1-67cd-49a9-9de6-a50aa6426ca0,MED012,micropore 50 mm blanco o piel,MEDICINA,photo du produit à identifier et droits à confirmer
fdb57599-a4b7-4899-82aa-005981aeb6cb,THPC43,"micropore color piel 12,5 mm x 5 metros",MEDICINA,photo du produit à identifier et droits à confirmer
51b5eed8-b98a-43f9-90e2-e35f070e4b11,TKM012,microscopio,SUMINISTROS ESCOLARES,photo du produit à identifier et droits à confirmer
587b70e5-f364-4ca2-902c-b5b4fbd3ba92,TCAB94,migradorixina caja de 20,MEDICINA,photo du produit à identifier et droits à confirmer
5a3868ba-0c78-4390-b0b5-a73735dfb7d2,MED111,milo,ALIMENTOS Y BEBIDAS,photo du produit à identifier et droits à confirmer
63495684-6721-4034-9894-70a464b473e4,CDGR008,mini cd grabable,"COMPUTACIÓN, TECNOLOGÍA Y ACCESORIOS",photo du produit à identifier et droits à confirmer
ef940f10-4196-466e-918a-befb736f2d26,TIBM03,mini diskette maxell md 2hd 5 1/4,"COMPUTACIÓN, TECNOLOGÍA Y ACCESORIOS",photo du produit à identifier et droits à confirmer
6951bc93-2317-4ee7-86fa-9496bf7f988c,MOUS003,mini mouse alambrico o inalambrico,"COMPUTACIÓN, TECNOLOGÍA Y ACCESORIOS",photo du produit à identifier et droits à confirmer
1b098fcf-357b-43d1-8ef7-8733e789f8b2,TCAB84,modulares - estanterias - divisiones - muebles,"MUEBLES, HOGAR Y BAZAR",photo du produit à identifier et droits à confirmer
a5724c9c-cd7f-436d-81fc-d4c9c08178f9,MODX01,modulo de imagen xerox 13r544 copiadora,"COMPUTACIÓN, TECNOLOGÍA Y ACCESORIOS",photo du produit à identifier et droits à confirmer
c15efbbc-a47e-46e4-83e5-e84491ec90e4,TXE024,monitor,"COMPUTACIÓN, TECNOLOGÍA Y ACCESORIOS",photo du produit à identifier et droits à confirmer
b34da63b-a1ac-4c36-8b14-18ee9270d5b3,MOQ001,moqueta con pupos color gris,FERRETERÍA,photo du produit à identifier et droits à confirmer
b0262b38-d080-4986-b8b8-231a249b9096,DHLC0%,mostaza 1000 gr,ALIMENTOS Y BEBIDAS,photo du produit à identifier et droits à confirmer
b3144a44-fc93-4962-9f92-80c685681c0b,THPC856,mouse ergonomico,"COMPUTACIÓN, TECNOLOGÍA Y ACCESORIOS",photo du produit à identifier et droits à confirmer
8462271f-a399-440e-af6d-8a7e374dbbe2,TIBM05,movilizacion agencia machala,SERVICIOS,service sans objet physique
ae705200-0d4a-4fad-8cd0-d2a8693a086f,TILE002,movilizacion ambato el rey,SERVICIOS,service sans objet physique
375c6b26-5c12-4a84-ac8d-dd769846bbcd,EPS220,movilizacion ambato motorec,SERVICIOS,service sans objet physique
e11829ad-a9e1-4dcf-ba4a-b1ce3bd56136,TEPC10,movilizacion ambato terremoto,SERVICIOS,service sans objet physique
fb630785-ffe8-44d6-85f7-cfa42ea6369f,TEPS39,movilizacion ayacucho,SERVICIOS,service sans objet physique
48d9ad86-cd8d-4c9a-9690-b3eaad3c7a32,TTOS39,movilizacion carapungo,SERVICIOS,service sans objet physique
175a4815-6cd0-437f-955e-13b7259cea50,TTOS08,movilizacion citroen la y,SERVICIOS,service sans objet physique
56ece393-20eb-43b2-a833-f2c6bd6da068,TEPS28,movilizacion csm ambato,SERVICIOS,service sans objet physique
4895b093-30ef-47ae-b91d-761e4b6b7449,TTOS13,movilizacion csm quito norte,SERVICIOS,service sans objet physique
e9b9e658-59a9-4f08-856f-44bea7d922bd,TEPT04,movilizacion cuenca,SERVICIOS,service sans objet physique
42e31470-39de-48e7-8bf8-764e7ae748a7,TEPT02,movilizacion cuenca españa,SERVICIOS,service sans objet physique
a6de700b-90b8-4995-b749-f494914ec2ad,TEPT05,movilizacion cuenca las americas,SERVICIOS,service sans objet physique
f89ef103-78fa-4bde-9620-01413254901c,THPC54,movilizacion cuenca popayan,SERVICIOS,service sans objet physique
3f343b88-2185-475a-8237-762c1e7b139f,TEPT06,movilizacion el coca,SERVICIOS,service sans objet physique
82ba017a-23f8-4f29-8bbe-7f0887e7166c,TEPS17,movilizacion hino quito norte,SERVICIOS,service sans objet physique
544cd14e-fcca-44ce-bff9-95dad37a23d6,TTOS21,movilizacion hino quito sur,SERVICIOS,service sans objet physique
095cedf9-eca7-4458-b5f5-c4157abd6247,EPS420,movilizacion huancavilca guayaquil,SERVICIOS,service sans objet physique
529591e8-29f8-49be-a99f-be9d428f7cbe,TEPS80,movilizacion ibarra,SERVICIOS,service sans objet physique
e9708d03-091b-4403-a02f-1b3e6b57f945,EPS520,movilizacion john deere guayaquil - ceibos,SERVICIOS,service sans objet physique
bae03ea0-c2b1-40b3-85db-0a7311054104,TTOS27,movilizacion john deere quito arupos,SERVICIOS,service sans objet physique
f3ccc510-ef39-429a-b84b-11c25c6265dd,TEPS34,movilizacion loja,SERVICIOS,service sans objet physique
c73e294b-403a-48b4-a070-a1e928778049,TTOS44,movilizacion los chillos,SERVICIOS,service sans objet physique
8289c27c-6d28-417d-9283-5f7c36517d85,TEPT08,movilizacion manta,SERVICIOS,service sans objet physique
b9c04186-2e0f-4997-8f65-9daa6f917e61,TIHP001,movilizacion matriz jtm dpto,SERVICIOS,service sans objet physique
9d31acbc-1f9c-47b9-8220-0c8e6041cde5,TLE060,movilizacion matriz jtm guayaquil,SERVICIOS,service sans objet physique
73ed433b-d730-47bb-a3f1-22aeb3ca8821,TEPT07,movilizacion portoviejo,SERVICIOS,service sans objet physique
e4f48d96-d1c6-4fb5-8073-c68141431cd5,TEPS65,movilizacion quality guayaquil,SERVICIOS,service sans objet physique
c3100ec3-6ad4-4904-ae6c-e813d82a0051,TTOS34,movilizacion quito sur san bartolo,SERVICIOS,service sans objet physique
cc91b658-b79d-4f41-8883-3c7916abeb90,TEPS44,movilizacion renpacif,SERVICIOS,service sans objet physique
f8565b39-63ca-43ca-a887-d3c81f1da8e8,TEPS15,movilizacion riobamba,SERVICIOS,service sans objet physique
9c8bee9a-f81e-41a6-a9ac-704781f0afc3,TEPS14,movilizacion santo domingo,SERVICIOS,service sans objet physique
91f6bb0b-873e-423d-8ce3-cebf3fee8cb6,ATC054,mullos - chaquiras,SUMINISTROS ESCOLARES,photo du produit à identifier et droits à confirmer
9c199a9d-5d43-4d32-be54-a227b44cb3ef,TCAB89,multidol 800 mg capsula,MEDICINA,photo du produit à identifier et droits à confirmer
4b43d8f5-afe6-4483-a613-0dc523638b0d,NACH001,nachos en paquete,ALIMENTOS Y BEBIDAS,photo du produit à identifier et droits à confirmer
0ffc545b-cddf-432a-94e5-dd94236aa53f,FUNAVI,naftalina,LIMPIEZA,photo du produit à identifier et droits à confirmer
db6db2e1-d37c-42b6-a423-8d213d301ea3,NAIP01,naipe,"MUEBLES, HOGAR Y BAZAR",photo du produit à identifier et droits à confirmer
2219c482-bb73-4d5a-b0c1-f2c9ecbffe55,THPC41,naproxeno 500 mg caja de 10,MEDICINA,photo du produit à identifier et droits à confirmer
e3a79dd4-8ff9-4762-a301-3117a214a086,THPC33,neopren crema 16 gr,MEDICINA,photo du produit à identifier et droits à confirmer
91ccb63f-ca8a-4bcb-8b67-c09b32af58eb,NEST005,nestea grande 800 gr,ALIMENTOS Y BEBIDAS,photo du produit à identifier et droits à confirmer
401061bf-4d84-4fd9-bf4b-673bbfe3ed31,TICA018,neurobion,MEDICINA,photo du produit à identifier et droits à confirmer
d8f3cf39-f8ca-46db-ad95-9ede5424f6e5,TLE023,nexcare bandas steri strip caja de 9,MEDICINA,photo du produit à identifier et droits à confirmer
92bac520-51e3-484b-894f-292504b0a0fd,NORM02,normografo varias medidas,SUMINISTROS ESCOLARES,photo du produit à identifier et droits à confirmer
0613307f-0976-4567-a85b-85a3bd09fc49,TCAB59,notitas especiales,SUMINISTROS DE OFICINA,photo du produit à identifier et droits à confirmer
6272c614-3626-46b6-8de4-b8243ab1b07f,NOTI004,notitas quita y pon 2 x 2 cubo de 8 colores neon,SUMINISTROS DE OFICINA,photo du produit à identifier et droits à confirmer
8f57bcfb-ab9d-4d7e-a1be-e38e12d1216c,PEGA008,notitas quita y pon 3 x 3 cubo de 6 colores neon,SUMINISTROS DE OFICINA,photo du produit à identifier et droits à confirmer
ad51df59-6251-441d-b953-5bf928f2a52e,THPC40,novotears colirio 10 ml,MEDICINA,photo du produit à identifier et droits à confirmer
a3cad597-6c5a-4166-b8c4-81d8003dcce5,GALL006,nueces en paquete,ALIMENTOS Y BEBIDAS,photo du produit à identifier et droits à confirmer
56d445a5-206d-4159-874b-539bebb33b23,THPC39,oftagen solucion oftalmica 5 ml,MEDICINA,photo du produit à identifier et droits à confirmer
055409c8-0326-4396-bddf-cd9701ebdc17,THPC57,olmesartan - olmetec 20 mg,MEDICINA,photo du produit à identifier et droits à confirmer
f524f94d-08ad-4df1-8d98-88b4d080756c,THPC61,omacor capsula,MEDICINA,photo du produit à identifier et droits à confirmer
47bf8635-1665-444f-8072-647990788bae,TIHP035,omeprazol caja,MEDICINA,photo du produit à identifier et droits à confirmer
26515c1f-6938-4a2f-891a-67dbaecdf508,THPC38,oralsept caja de 100,MEDICINA,photo du produit à identifier et droits à confirmer
c67b2621-2cff-4304-b7ae-a5674b5d4da8,TLE024,orejas de chocolate en paquete,ALIMENTOS Y BEBIDAS,photo du produit à identifier et droits à confirmer
eec4356e-d474-446f-8df9-88f8dbad87ff,THPC63,oticum gotas 5 ml,MEDICINA,photo du produit à identifier et droits à confirmer
a2860d54-f8d4-4e93-b509-bec23aea8827,THPQ02,pad de gel para cooler,EQUIPOS E IMPLEMENTOS DE COCINA Y CAFETERÍA,photo du produit à identifier et droits à confirmer
325a7c3d-863b-4ead-b7ca-4a999dc0ec40,PALA015,pala metalica,LIMPIEZA,photo du produit à identifier et droits à confirmer
0be3b5ab-2e7b-4f55-8dbd-9ffcf27e5501,MED004,paletas,MEDICINA,photo du produit à identifier et droits à confirmer
5ab2048a-1c94-4ee8-b193-96a1cef430c3,ESCB005,palo para escoba,LIMPIEZA,photo du produit à identifier et droits à confirmer
f48fe3fb-e42b-44f3-b5be-7103029e69af,TCACL1,pañales varios tamaños,HIGIENE,photo du produit à identifier et droits à confirmer
df53d0c8-ba14-46ba-98bb-981b16bfe95f,THPC37,panalgesic forte crema 32 gr,MEDICINA,photo du produit à identifier et droits à confirmer
335e9549-fe2d-463b-a6ae-352a3cece453,TCAB68,panderetas,SUMINISTROS ESCOLARES,photo du produit à identifier et droits à confirmer
70b5f644-d091-48d0-85b4-064492078546,PAÑO10,paño de gamuza para vidrios paquete,LIMPIEZA,photo du produit à identifier et droits à confirmer
63428c98-34ee-448a-b6b0-b7f25f690541,PANT005,pantalla de proyeccion de techo o pared,"COMPUTACIÓN, TECNOLOGÍA Y ACCESORIOS",photo du produit à identifier et droits à confirmer
e2395752-bd4e-421c-9a8a-8c89b5dd7dae,MONI01,pantalla de proyeccion enrollable,"COMPUTACIÓN, TECNOLOGÍA Y ACCESORIOS",photo du produit à identifier et droits à confirmer
af76bec9-5cce-45f3-a0ec-62ae48c1b62d,PAPF019,papas fritas paquete mediano,ALIMENTOS Y BEBIDAS,photo du produit à identifier et droits à confirmer
159c9b0a-985b-4dac-9014-b886aae9983a,PAPF020,papas fritas paquete pequeño,ALIMENTOS Y BEBIDAS,photo du produit à identifier et droits à confirmer
d961081f-8a3a-4b96-b294-a50a5f05c220,ETQU018,papel adhesivo a1 pliego 65 x 90 cm,SUMINISTROS DE OFICINA,photo du produit à identifier et droits à confirmer
e85da348-3de8-4364-b63b-42ed2d24d44f,PAPE009,papel aluminio varias medidas,EQUIPOS E IMPLEMENTOS DE COCINA Y CAFETERÍA,photo du produit à identifier et droits à confirmer
9de35bd9-404f-4ef3-b9e8-8eca6c8f5da9,PAPB017,papel bond 115 gr a4 resma,SUMINISTROS DE OFICINA,photo du produit à identifier et droits à confirmer
16182538-1f12-4e35-9d5b-d43c2e6f167a,PAPB020,papel bond 120 gr a4,SUMINISTROS DE OFICINA,photo du produit à identifier et droits à confirmer
9ad26120-c000-4535-a95b-b99275354f37,PAP003,papel bond 75 gr a0 90 x 130 cm,SUMINISTROS DE OFICINA,photo du produit à identifier et droits à confirmer
00dbb1c9-2f4e-48e2-a03c-993203b2801f,PAPB003,papel bond 75 gr a1 pliego 65 x 90 cm resma,SUMINISTROS DE OFICINA,photo du produit à identifier et droits à confirmer
3ac07df2-75ac-44ba-97a3-967fbeffc1e5,PAPB021,papel bond 75 gr a3 varios colores resma,SUMINISTROS DE OFICINA,photo du produit à identifier et droits à confirmer
07988372-7aef-428d-a33e-a6cc6f51cfd8,PAPB009,papel bond 75 gr a4 ecologico resma,SUMINISTROS DE OFICINA,photo du produit à identifier et droits à confirmer
4441f7c4-d170-4d99-ac99-dee0a3ba7474,PAPB019,papel bond 75 gr a4 troquelado 1/2 resma,SUMINISTROS DE OFICINA,photo du produit à identifier et droits à confirmer
ac31800e-e2f7-4e2e-ad81-863481259a09,PAPB015,papel bond 75 gr extraoficio resma,SUMINISTROS DE OFICINA,photo du produit à identifier et droits à confirmer
4b38453c-b7c4-4f4e-9f92-7a1e250799e8,PAPB014,papel bond 75 gr oficio resma,SUMINISTROS DE OFICINA,photo du produit à identifier et droits à confirmer
a9c30229-064d-4511-951c-71b319a609f9,PAPB023,papel bond 90 gr a0 90 x 130 cm resma,SUMINISTROS DE OFICINA,photo du produit à identifier et droits à confirmer
4ed5bc9e-efae-4c54-95b5-dbeaf0d69336,PAPB022,papel bond 90 gr a2 65 x 45 cm resma,SUMINISTROS DE OFICINA,photo du produit à identifier et droits à confirmer
dc0f30e5-c3e4-400f-98e1-6d61ad527a81,PAP053,papel celofan a1 pliego 65 x 90 cm varios colores,SUMINISTROS ESCOLARES,photo du produit à identifier et droits à confirmer
e0d12046-b963-4989-a8cf-ffb88e882696,PAP059,papel copia a4 varios colores,SUMINISTROS DE OFICINA,photo du produit à identifier et droits à confirmer
54b72d35-e305-4902-930b-f971118ea07a,PAPCOR,papel corrugado a1 pliego 65 x 90 cm varios colores,SUMINISTROS ESCOLARES,photo du produit à identifier et droits à confirmer
007fbb72-d12b-4426-b36d-d22fef8c6b42,PAP067,papel couche a0 90 x 130 cm,SUMINISTROS DE OFICINA,photo du produit à identifier et droits à confirmer
3cb8d0cc-893e-4522-a490-a4e62960d117,CT0006,papel couche a4,SUMINISTROS DE OFICINA,photo du produit à identifier et droits à confirmer
c40a0f15-5a19-4bf0-9be4-71487516faa1,PAPC009,papel de empaque a1 pliego 65 x 90 cm,SUMINISTROS DE OFICINA,photo du produit à identifier et droits à confirmer
c21e5122-8241-42ec-ae18-31fa3cd5ce35,PAPC013,papel engomado,SUMINISTROS DE OFICINA,photo du produit à identifier et droits à confirmer
301ff4ed-1b55-4dc2-86ed-06806d5fbbf3,PAP081,papel fosforescente en paquete varios colores,SUMINISTROS ESCOLARES,photo du produit à identifier et droits à confirmer
ef51e515-f3cc-4892-979c-72bfc399e1bd,PAKC016,papel higienico doble hoja institucional,HIGIENE,photo du produit à identifier et droits à confirmer
92ce54c2-6bb1-4aa6-8a56-3b1adfe5d5fa,DESO011,papel higienico jumbo 200 metros para dispensador,HIGIENE,photo du produit à identifier et droits à confirmer
937e1c74-02a4-4202-bd81-fb98815249be,PAKC014,papel higienico jumbo 550 metros para dispensador,HIGIENE,photo du produit à identifier et droits à confirmer
8140fd85-842a-4d3f-ae43-df69d4ad206e,PAKC015,papel higienico jumbo doble hoja economico para dispensador,HIGIENE,photo du produit à identifier et droits à confirmer
830ba6fa-c7b1-4dff-b674-3066f226750f,PAPH002,papel higienico scott 3 en 1,HIGIENE,photo du produit à identifier et droits à confirmer
7088c68a-a4c8-4544-b3ea-303fc71e712c,PAKC019,papel kraft 80 gr a0 90 x 130 cm,SUMINISTROS DE OFICINA,photo du produit à identifier et droits à confirmer
38ecc5aa-e387-47ec-87c6-e3909923978b,PAML01,papel milimetrado a4 varios colores,SUMINISTROS ESCOLARES,photo du produit à identifier et droits à confirmer
153c38b0-fd17-403a-855b-3dbab9a38337,PAGA01,papel pergamino,SUMINISTROS ESCOLARES,photo du produit à identifier et droits à confirmer
a8fd682d-319d-419f-95f3-3e841e098579,PAPP001,papel periodico 60 gr a0 90 x 130 cm,SUMINISTROS DE OFICINA,photo du produit à identifier et droits à confirmer
36580f77-f857-44fa-a9cc-154a29c74724,PAPP003,papel periodico 60 gr a4 resma,SUMINISTROS DE OFICINA,photo du produit à identifier et droits à confirmer
deb46ac4-5915-4b30-9dec-54317479ad2f,ATC043,papel seda,SUMINISTROS ESCOLARES,photo du produit à identifier et droits à confirmer
26485844-5da5-4055-a856-aeab58c0c643,PAPC007,papel troquelado,SUMINISTROS DE OFICINA,photo du produit à identifier et droits à confirmer
e9f9bd28-67c3-4ab0-9cb0-84e90f1761b2,TCAB76,papelera acrilica,SUMINISTROS DE OFICINA,photo du produit à identifier et droits à confirmer
824536ef-c5c8-4e32-a232-1624602c08a7,PAPL005,papelera plastica 2 servicios,SUMINISTROS DE OFICINA,photo du produit à identifier et droits à confirmer
593f1d4e-5dd4-447e-a23f-606670ad9864,PAPT03,papelera plastica 3 servicios,SUMINISTROS DE OFICINA,photo du produit à identifier et droits à confirmer
d221864c-d632-4f7d-b603-c272a8aa9a3d,CAL250,papelografo a1 pliego 70 x 100 cm,SUMINISTROS DE OFICINA,photo du produit à identifier et droits à confirmer
c507e8a1-3145-49c3-a339-243695a85512,PARA01,paracetamol - neogripal,MEDICINA,photo du produit à identifier et droits à confirmer
331e9493-297e-478a-b768-ad53ace23e33,PARAGU,paraguas - parasol,"MUEBLES, HOGAR Y BAZAR",photo du produit à identifier et droits à confirmer
9cadde34-105a-478c-80ff-52e62c044d99,TEPT22,parches caja,MEDICINA,photo du produit à identifier et droits à confirmer
d479e1b0-a3bf-4391-b6b6-ecdaa43dbcfb,ANTI001,parlante,"COMPUTACIÓN, TECNOLOGÍA Y ACCESORIOS",photo du produit à identifier et droits à confirmer
7bcf9668-356c-4f7c-a797-75f98a7f6621,TEPS07,partes y piezas computacionales,"COMPUTACIÓN, TECNOLOGÍA Y ACCESORIOS",photo du produit à identifier et droits à confirmer
5ce8e9e8-7db6-40ce-8403-d1edb22b6d38,PASA010,pasas en paquete,ALIMENTOS Y BEBIDAS,photo du produit à identifier et droits à confirmer
18daa23d-29e6-4176-b91a-43b685f30280,TRIC28,pasta,ALIMENTOS Y BEBIDAS,photo du produit à identifier et droits à confirmer
b8541500-c283-4eb0-b11f-6dbbd0a6a4b4,PASDEN,pasta dental - listerine,HIGIENE,photo du produit à identifier et droits à confirmer
03f72f8c-3a1d-4386-a0c1-79df21c7d7c7,TEPS08,pastel,ALIMENTOS Y BEBIDAS,photo du produit à identifier et droits à confirmer
36000381-5a3a-4bb8-8ef0-5cc0a37beae0,PEGALI,pega en spray,SUMINISTROS DE OFICINA,photo du produit à identifier et droits à confirmer
18a609d6-48b8-40d5-af9d-229746563895,AGUZ003,pega liquida blanca de 500 ml,SUMINISTROS DE OFICINA,photo du produit à identifier et droits à confirmer
14e10708-1ecb-4f8b-b7c4-de644c0cc19d,PELT01,pelota varios tamaños,SUMINISTROS ESCOLARES,photo du produit à identifier et droits à confirmer
d57131e6-f3e1-433a-b7e2-4c17ad0fb90c,TCAB30,pelotas de ping pong,SUMINISTROS ESCOLARES,photo du produit à identifier et droits à confirmer
4d24eba5-feb0-4ba5-8c76-4e67c59bc438,PERF04,perforadora maped para 70 hojas,SUMINISTROS DE OFICINA,photo du produit à identifier et droits à confirmer
a03d4ddd-92c7-4565-915f-654042ee90a7,PERF012,perforadora wex mediana,SUMINISTROS DE OFICINA,photo du produit à identifier et droits à confirmer
831a53b9-a726-420e-ae31-bcf273e00a2f,ATC056,perlas,SUMINISTROS ESCOLARES,photo du produit à identifier et droits à confirmer
24a6d3b4-2a0e-4738-8117-11c01063d051,THPC27,pesas tobilleras 1 kilo,MEDICINA,photo du produit à identifier et droits à confirmer
01c1b1ea-0ec5-4c7b-8da0-1d4e035bb359,GUIA006,pestañas a color para folder colgante en paquete,SUMINISTROS DE OFICINA,photo du produit à identifier et droits à confirmer
1710da3a-afba-4672-b788-ba8b2dfed1cb,TARJ003,picturemate epson print pack 200 series t5846 150 fotos,"COMPUTACIÓN, TECNOLOGÍA Y ACCESORIOS",photo du produit à identifier et droits à confirmer
acc33090-05fa-4771-afad-fcd25f1db90d,PIED001,piedra pomez,LIMPIEZA,photo du produit à identifier et droits à confirmer
0f13cdbf-3f6b-449f-86b8-74c4d6c64f7b,PILA012,pila 3v cr 123,SUMINISTROS DE OFICINA,photo du produit à identifier et droits à confirmer
95c04cea-446a-4a13-9a62-cc0fc01a348e,PILA011,pila especial varios modelos,SUMINISTROS DE OFICINA,photo du produit à identifier et droits à confirmer
07945219-4cbd-4b55-b8e5-580a38092bec,TCAB73,pila lr44,SUMINISTROS DE OFICINA,photo du produit à identifier et droits à confirmer
ec0a321f-759f-4697-9c58-76f94f142674,PILA003,pila titanio advanced aa paquete de 2,SUMINISTROS DE OFICINA,photo du produit à identifier et droits à confirmer
0f022736-b8f1-4166-b73f-d656482a0350,PILA004,pila titanio advanced aaa paquete de 2,SUMINISTROS DE OFICINA,photo du produit à identifier et droits à confirmer
271366a7-5fca-464c-a428-5f717de29ceb,PINT06,pintura,FERRETERÍA,photo du produit à identifier et droits à confirmer
89339d43-cae1-4b32-b066-825bf9729a70,PINT07,pinturas 24 colores largas,SUMINISTROS ESCOLARES,photo du produit à identifier et droits à confirmer
02433a27-c965-46d8-97b1-ac0ba52fa944,PINT08,pinturas 36 colores largas,SUMINISTROS ESCOLARES,photo du produit à identifier et droits à confirmer
6f96f797-2eca-428d-b8ab-dde046d6e72e,PINT03,pinturas acuarelables 12 colores largas,SUMINISTROS ESCOLARES,photo du produit à identifier et droits à confirmer
753b29ff-58f9-4b8d-833b-229b758bcd93,PIOL01,piola de algodon,FERRETERÍA,photo du produit à identifier et droits à confirmer
acc35bb7-555f-4a4e-ad4e-086325efdbdd,PIOL02,piola de nylon,FERRETERÍA,photo du produit à identifier et droits à confirmer
9017cdda-8e96-4ba0-90c5-e6bf75cdf9dc,THPC36,piroxicam gel 40 gr genfar,MEDICINA,photo du produit à identifier et droits à confirmer
b6d15324-7c61-4804-afb6-02eed3764737,MANI013,pistachos en paquete,ALIMENTOS Y BEBIDAS,photo du produit à identifier et droits à confirmer
b7d78bbf-3d06-4b98-b980-58ea416a7841,PIST02,pistola preciadora,EQUIPOS DE OFICINA,photo du produit à identifier et droits à confirmer
dbeed5b3-3d72-4198-a7a8-7a817c22886b,BOR008,pitos paquete,"MUEBLES, HOGAR Y BAZAR",photo du produit à identifier et droits à confirmer
72dbeccc-76a7-4345-a5c4-878b31aa0c78,PIZA020,pizarra de pedestal 120 x 100 cm,SUMINISTROS DE OFICINA,photo du produit à identifier et droits à confirmer
3f3eaa0a-f4ce-4501-a08d-bf55033a3f97,PIZA022,pizarra de pedestal 120 x 80 cm,SUMINISTROS DE OFICINA,photo du produit à identifier et droits à confirmer
1a3ff456-c61f-4a2c-93ad-387f5ae1b74e,PIZA021,pizarra de pedestal 120 x 90 cm,SUMINISTROS DE OFICINA,photo du produit à identifier et droits à confirmer
d742ffe9-42a3-404a-94eb-4f93f946c3e2,PIZA018,pizarra de pedestal 145 x 80 cm,SUMINISTROS DE OFICINA,photo du produit à identifier et droits à confirmer
4f5cc714-467b-43bc-8523-81c193bebfa4,PIZA023,pizarra de pedestal 150 x 120 cm,SUMINISTROS DE OFICINA,photo du produit à identifier et droits à confirmer
12ca423c-6f0a-43aa-ac26-fc3cecdcecc8,PIZA016,pizarra de pedestal 160 x 120 cm,SUMINISTROS DE OFICINA,photo du produit à identifier et droits à confirmer
be6fa60d-c56b-4c62-87bb-994729c595b3,PIZA019,pizarra de pedestal 180 x 120 cm,SUMINISTROS DE OFICINA,photo du produit à identifier et droits à confirmer
93bff642-6f46-498b-951b-fc2cef68c696,PIZA015,pizarra de pedestal 200 x 120 cm,SUMINISTROS DE OFICINA,photo du produit à identifier et droits à confirmer
ceea4ecc-183f-49c3-8a7d-f730b1cfc415,PIZA014,pizarra de pedestal 240 x 120 cm,SUMINISTROS DE OFICINA,photo du produit à identifier et droits à confirmer
eb0cbfce-906a-4948-b866-9305104efd90,TIHP104,pizarra de pedestal 90 x 60 cm,SUMINISTROS DE OFICINA,photo du produit à identifier et droits à confirmer
3a952c1f-15b4-4a3a-8393-b75c66aabab0,PIZA025,pizarra de vidrio varias medidas,SUMINISTROS DE OFICINA,photo du produit à identifier et droits à confirmer
10197f7c-bc3a-469c-b9c2-6554a28d3476,TOAC004,pizarra magnetica varias medidas,SUMINISTROS DE OFICINA,photo du produit à identifier et droits à confirmer
cc581dee-ce46-4d86-b8c0-c85dddce5e34,PIZA024,pizarra mixta varias medidas,SUMINISTROS DE OFICINA,photo du produit à identifier et droits à confirmer
3cfca162-f319-4b9a-9794-64ed0710bc9e,PIZA007,pizarra tiza liquida 120 x 100 cm,SUMINISTROS DE OFICINA,photo du produit à identifier et droits à confirmer
fa82591c-2a9c-45f3-8f0f-d5f34e645d18,PIZA008,pizarra tiza liquida 120 x 120 cm,SUMINISTROS DE OFICINA,photo du produit à identifier et droits à confirmer
41f7a566-36cc-45ad-817b-0bca05f71032,PIZA005,pizarra tiza liquida 120 x 80 cm,SUMINISTROS DE OFICINA,photo du produit à identifier et droits à confirmer
64c34c16-01ed-4e52-8e56-7bcb775e75b1,PIZA006,pizarra tiza liquida 120 x 90 cm,SUMINISTROS DE OFICINA,photo du produit à identifier et droits à confirmer
402ea273-d92e-4669-aec7-8fc3216044bc,PIZA009,pizarra tiza liquida 150 x 100 cm,SUMINISTROS DE OFICINA,photo du produit à identifier et droits à confirmer
249c7698-8771-4ffd-b9d0-97a02262a179,PIZA010,pizarra tiza liquida 150 x 120 cm,SUMINISTROS DE OFICINA,photo du produit à identifier et droits à confirmer
28972ea2-8e45-4387-bfc8-37e2cc3fa0e5,PIZA011,pizarra tiza liquida 160 x 120 cm,SUMINISTROS DE OFICINA,photo du produit à identifier et droits à confirmer
8a382a70-3fc2-46fc-89f9-866f29c705d2,TXE065,pizarra tiza liquida 167 x 122 cm,SUMINISTROS DE OFICINA,photo du produit à identifier et droits à confirmer
3a8b6e2b-8254-42f9-8978-ad307dc1b422,PIZA012,pizarra tiza liquida 200 x 120 cm,SUMINISTROS DE OFICINA,photo du produit à identifier et droits à confirmer
2b47cef6-6fd3-4fc4-8609-ffd57732c98c,PIZA013,pizarra tiza liquida 240 x 120 cm,SUMINISTROS DE OFICINA,photo du produit à identifier et droits à confirmer
e1e56eda-eb48-4fa3-8c4a-c0f1a23257d0,PIZA001,pizarra tiza liquida 40 x 30 cm,SUMINISTROS DE OFICINA,photo du produit à identifier et droits à confirmer
3db83381-4ff4-49de-ad41-fb9a5457aa09,PIZA002,pizarra tiza liquida 60 x 40 cm,SUMINISTROS DE OFICINA,photo du produit à identifier et droits à confirmer
31b217d8-0b91-42fd-89a9-4fd6be354b0e,PIZA003,pizarra tiza liquida 80 x 60 cm,SUMINISTROS DE OFICINA,photo du produit à identifier et droits à confirmer
35d117bf-407a-4d2b-ab9f-5e452a4149b3,PIZA004,pizarra tiza liquida 90 x 60 cm,SUMINISTROS DE OFICINA,photo du produit à identifier et droits à confirmer
5e38901f-f038-4480-91cf-9274c42c7de0,PLANO1,plano de la ciudad de quito,SUMINISTROS DE OFICINA,photo du produit à identifier et droits à confirmer
e99b4176-0435-4f85-b419-015ba644fe16,DETG006,plantas,"MUEBLES, HOGAR Y BAZAR",photo du produit à identifier et droits à confirmer
40b9213f-947a-4cd4-ae82-d25ccb6f8af7,PLAS001,plastico negro 1 metro de ancho por metros,FERRETERÍA,photo du produit à identifier et droits à confirmer
0c8d73c1-ba5e-4352-8774-0bc97d3701c0,PLAST002,plastico transparente por metros,FERRETERÍA,photo du produit à identifier et droits à confirmer
27cd1c3a-3727-4af9-a21e-0521d4b660f5,FILM001,plato de ceramica,EQUIPOS E IMPLEMENTOS DE COCINA Y CAFETERÍA,photo du produit à identifier et droits à confirmer
44e10821-129b-4e14-aca1-088973953e5e,THPC90,"plato, vaso, cuchara de plástico no desechable",EQUIPOS E IMPLEMENTOS DE COCINA Y CAFETERÍA,photo du produit à identifier et droits à confirmer
1ab7ebfa-a682-4238-b616-7072be45c484,PLUMA1,pluma fuente,SUMINISTROS DE OFICINA,photo du produit à identifier et droits à confirmer
91a89f94-362a-4c7c-8578-a12b29d00cc7,ATC052,plumon relleno 1 kilo,"MUEBLES, HOGAR Y BAZAR",photo du produit à identifier et droits à confirmer
482640fe-c100-49d2-9623-089e2b3cfa3d,TEPS49,pomada,MEDICINA,photo du produit à identifier et droits à confirmer
ab0a3698-b149-47fd-9af0-72cf8e36ee1a,PONCHO,poncho de nylon para agua,SEGURIDAD INDUSTRIAL,photo du produit à identifier et droits à confirmer
f2b82d7c-21c3-4a0d-a76d-ccfd6c135f5c,PORT23,porta diskettes 5 unidades,"COMPUTACIÓN, TECNOLOGÍA Y ACCESORIOS",photo du produit à identifier et droits à confirmer
c9c53dda-5563-48f2-b4a4-f55f0ea3ae56,CINT034,porta llaves,FERRETERÍA,photo du produit à identifier et droits à confirmer
874b234e-2c8f-4828-96dc-6e755314b05e,ATC014,"portaminas 0,5 mm bic sencillo",SUMINISTROS DE OFICINA,photo du produit à identifier et droits à confirmer
92d9a3e6-7f0d-4c98-88c8-366949506f1e,MED009,povidyn solucion 120 ml,MEDICINA,photo du produit à identifier et droits à confirmer
cf937f38-bd80-4f4d-915a-8a9019b2410d,PRES004,presentador inalambrico,SUMINISTROS DE OFICINA,photo du produit à identifier et droits à confirmer
3d20f512-f8a0-4a98-81af-52b8ecff8ae2,EPFI005,presente - funda de regalo,"MUEBLES, HOGAR Y BAZAR",photo du produit à identifier et droits à confirmer
f7f530d4-3022-48cf-9456-19a295abeb75,TCAB13,productos de jardineria,FERRETERÍA,photo du produit à identifier et droits à confirmer
c9a05270-c867-47bb-aa6a-e5e939a36003,PROT023,protector auditivo tipo copa,SEGURIDAD INDUSTRIAL,photo du produit à identifier et droits à confirmer
733191de-fdc3-44a4-8bfb-58426cf2b2db,THPC140,protector de cama desechable,MEDICINA,photo du produit à identifier et droits à confirmer
1866d509-9dba-4865-aa22-d105ca6f2457,TCAB97,proyector epson s31+,"COMPUTACIÓN, TECNOLOGÍA Y ACCESORIOS",photo du produit à identifier et droits à confirmer
31e7bc54-f891-4570-9d36-f99fb3a293e8,TCAB95,pulimento,FERRETERÍA,photo du produit à identifier et droits à confirmer
27e0ea16-7ab0-49e0-844c-19c56c0e78b6,FUND014,puntas de repuesto para rapidografo paquete de 6,SUMINISTROS DE OFICINA,photo du produit à identifier et droits à confirmer
c40b5016-b837-4a0f-8a2d-2440a6b089f0,MMR013,puntero laser con usb,SUMINISTROS DE OFICINA,photo du produit à identifier et droits à confirmer
d576fdb5-0b70-4f06-aa0a-a85b64b9b514,QUIT008,quita sarro,LIMPIEZA,photo du produit à identifier et droits à confirmer
3d8c5993-a49b-403e-9c97-bcd89ec1f900,CUT001,quitaesmalte cutex regular,HIGIENE,photo du produit à identifier et droits à confirmer
eb19774e-dcd9-4536-a48d-6dceb23e39b7,RAPI01,rapidografo varios trazos,SUMINISTROS DE OFICINA,photo du produit à identifier et droits à confirmer
0eafe653-3517-4b0b-9ab6-ec97f4546eec,TICA026,raquetas,SUMINISTROS ESCOLARES,photo du produit à identifier et droits à confirmer
551107ea-1d90-451a-b76d-bcf36d3d3632,TEPS43,rebate iva 0%,SERVICIOS,service sans objet physique
df8a147b-1914-4098-ad73-ffad4da9f4a3,DVDG009,rebate iva 12 %,SERVICIOS,service sans objet physique
44335519-48ba-4de8-9063-4b9159932e30,TKM008,recarga de cartucho,"COMPUTACIÓN, TECNOLOGÍA Y ACCESORIOS",photo du produit à identifier et droits à confirmer
aafa561c-5a1b-4fd8-ad25-d3a5dde840f4,TEPS38,recarga dispensador urinario,LIMPIEZA,photo du produit à identifier et droits à confirmer
b798bf40-8ee8-46ee-89be-be7c834bb119,DES006,recarga para toner varios tamaños,"COMPUTACIÓN, TECNOLOGÍA Y ACCESORIOS",photo du produit à identifier et droits à confirmer
1af47ccc-5fa8-4544-9046-d4457698e4f9,THP003,reembolso de gasto,SERVICIOS,service sans objet physique
4e4bc283-8245-4dc3-8e06-0fce4f425bcc,TEPS03,reembolso de transporte iva 15%,SERVICIOS,service sans objet physique
5198909d-f86c-4254-ad32-930c739a1425,CONF01,refrigeradora - microondas - mini nevera,EQUIPOS E IMPLEMENTOS DE COCINA Y CAFETERÍA,photo du produit à identifier et droits à confirmer
b8977b51-3f13-4d45-807d-72860d9fe2db,REGU001,regulador de voltaje,FERRETERÍA,photo du produit à identifier et droits à confirmer
9b862125-898e-47a4-87dd-b7ed5280be26,TEPS10,rejilla para desodorante urinario,LIMPIEZA,photo du produit à identifier et droits à confirmer
9fc1973f-9c1b-4402-afab-f096e1139ada,THP006,removedor de cafe ecologico paquete de 100,EQUIPOS E IMPLEMENTOS DE COCINA Y CAFETERÍA,photo du produit à identifier et droits à confirmer
1deab9f6-4236-4de2-9001-33e572b196d8,TKM022,rendon i46,"COMPUTACIÓN, TECNOLOGÍA Y ACCESORIOS",photo du produit à identifier et droits à confirmer
b2c55e0e-6f76-423b-bb5a-4d0f4dfe9296,TRIC30,repisa o perchero,"MUEBLES, HOGAR Y BAZAR",photo du produit à identifier et droits à confirmer
971edac6-9710-4113-8c23-7f5549605e05,CINT021,repuesto mopa microfibra prodelsol 200 gr,LIMPIEZA,photo du produit à identifier et droits à confirmer
c5979c5c-47e0-4742-acf1-b951d6042209,VIRU02,repuesto paño virutex microlimpiador,LIMPIEZA,photo du produit à identifier et droits à confirmer
fbc2fb6a-ff8c-4c17-bbd8-7d98380f5277,TPA007,repuesto trapeador microfibra con ojal,LIMPIEZA,photo du produit à identifier et droits à confirmer
4d24ca6f-c1b0-4d91-b028-246883d35aad,TCAB105,repuesto trapeador vileda tiras gruesas,LIMPIEZA,photo du produit à identifier et droits à confirmer
36b2d219-4e5d-4726-b86e-dcb022958c85,KCRE002,respirador sin valvula r-10 n95 caja de 20,SEGURIDAD INDUSTRIAL,photo du produit à identifier et droits à confirmer
49175308-9998-4664-a88c-7a99b8b5abd1,GUAN007,respirador una valvula r-10  n95 caja de 10,SEGURIDAD INDUSTRIAL,photo du produit à identifier et droits à confirmer
cc5e763f-5e10-4330-b021-53b39fd3e8cd,ROLL004,rodillo de sumadora,SUMINISTROS DE OFICINA,photo du produit à identifier et droits à confirmer
53c8e631-0c3c-485f-a92e-7d81d7cbb4f4,ROLL008,rollo de papel bond para plotter varias medidas,SUMINISTROS DE OFICINA,photo du produit à identifier et droits à confirmer
80d66bb0-4795-4a2b-8f0a-25d52ba90e97,THPQ49,rollo de papel calco para plotter varias medidas,SUMINISTROS DE OFICINA,photo du produit à identifier et droits à confirmer
241e8637-ebc3-43c6-a22f-afbeeffe123a,THPQ58,rollo de papel fotografico para plotter varias medidas,SUMINISTROS DE OFICINA,photo du produit à identifier et droits à confirmer
b4c59477-1187-41c3-96ad-2eecd861ecd8,CINT026,rollo de papel para maquina preciadora,SUMINISTROS DE OFICINA,photo du produit à identifier et droits à confirmer
a85e2775-f57c-403d-9223-52fc0ac3c5a0,ROLL003,rollo de sumadora papel bond 75 x 75 mm,SUMINISTROS DE OFICINA,photo du produit à identifier et droits à confirmer
f7f3f0dd-d648-446f-b84d-097560f8e6ff,TCAB57,rollo de zunchos plasticos,FERRETERÍA,photo du produit à identifier et droits à confirmer
f372bb4f-6ea4-40b3-9fbc-18745aded8d1,ATC020,rompe cabezas madera,SUMINISTROS ESCOLARES,photo du produit à identifier et droits à confirmer
0e9f470a-2aba-4251-adc2-ab3376ba6058,ATC021,rompe cabezas plastico mediano,SUMINISTROS ESCOLARES,photo du produit à identifier et droits à confirmer
f4d94f79-ecf0-4beb-95bb-768ac3d00f28,VIRU017,ropa de trabajo-mandil-uniforme-camiseta,SEGURIDAD INDUSTRIAL,photo du produit à identifier et droits à confirmer
f8a1568a-3396-478d-a50c-47f8f5da474e,ROUT029,router alambrico 4 puertos lan 10/100,"COMPUTACIÓN, TECNOLOGÍA Y ACCESORIOS",photo du produit à identifier et droits à confirmer
47ce3d8d-8956-4f83-8f2e-c3b93cbc0dfc,ROUT026,router wireless,"COMPUTACIÓN, TECNOLOGÍA Y ACCESORIOS",photo du produit à identifier et droits à confirmer
45315e80-1cd3-479a-a15b-2bcea6db1877,THPC16,rubexal fs 30 gr,MEDICINA,photo du produit à identifier et droits à confirmer
0e830297-16d2-4df5-9ae1-c0bcbabde6c3,SABA003,sabanilla antibacterial 48 metros paquete de 2,LIMPIEZA,photo du produit à identifier et droits à confirmer
281a7869-97c9-43a2-b7cb-619b8942f517,MED008,sal andrews caja de 50,MEDICINA,photo du produit à identifier et droits à confirmer
cff02b14-1115-4cf3-bea5-0bfc8143e8aa,SALY005,sal funda,ALIMENTOS Y BEBIDAS,photo du produit à identifier et droits à confirmer
2ed2ed88-bb1e-4d31-9c8f-321fa10b6983,AJIS020,salsa de aji,ALIMENTOS Y BEBIDAS,photo du produit à identifier et droits à confirmer
069af6ba-c3ee-444f-b797-6e224f409545,FOCO03,salsa de tomate - mermelada,ALIMENTOS Y BEBIDAS,photo du produit à identifier et droits à confirmer
a17211e1-d3bc-46e2-a3bd-32cb87581d26,SAVL01,savlon 1000ml,MEDICINA,photo du produit à identifier et droits à confirmer
c4d9736a-52f9-4ee0-ace6-72c57e6aa9ed,CINT035,secador electrico de manos,LIMPIEZA,photo du produit à identifier et droits à confirmer
29e7f358-b0b6-4bec-950f-a67113236ced,SELL004,sello de goma,SUMINISTROS DE OFICINA,photo du produit à identifier et droits à confirmer
299d0ba3-1a5e-4683-9590-bebbf7762673,TSHA21,sellos infantiles,SUMINISTROS ESCOLARES,photo du produit à identifier et droits à confirmer
ffd3195a-dc11-4f8a-bdd6-09fde1a6a6f9,INDC001,separador cartulina bristol 12 x 22 cm,SUMINISTROS DE OFICINA,photo du produit à identifier et droits à confirmer
2817feea-75f2-495d-a0d4-30433d13cda5,TIHP037,sertal compuesto caja de 20,MEDICINA,photo du produit à identifier et droits à confirmer
a34835d3-9ba9-431d-8659-7396d23de3a3,TXE215,servicio tecnico,SERVICIOS,service sans objet physique
66afbbb5-77b1-482d-9261-c4fbfbf4a541,SERV001,servilleta de tela,EQUIPOS E IMPLEMENTOS DE COCINA Y CAFETERÍA,photo du produit à identifier et droits à confirmer
ac41630d-66ad-49ac-8860-193d3422503d,PAKC017,servilletas kleenex lujo 200 unidades,EQUIPOS E IMPLEMENTOS DE COCINA Y CAFETERÍA,photo du produit à identifier et droits à confirmer
c3dd6c7c-f5eb-4863-b47b-3f1c0b45a837,TICA011,"servilletas scott pop up 24,1 x 10 cm 120 unidades",EQUIPOS E IMPLEMENTOS DE COCINA Y CAFETERÍA,photo du produit à identifier et droits à confirmer
d8adf0c6-08ce-46ba-b581-749892d969c0,CANTCAB87,set de mopa acrilica prodelsol azul industrial metal 100 cm,LIMPIEZA,photo du produit à identifier et droits à confirmer
da829162-2188-4f59-a771-c0dba69fc687,CARE005,set de mopa microfibra prodelsol cod. 2061,LIMPIEZA,photo du produit à identifier et droits à confirmer
1e50d275-a694-4af2-83ca-718f34f03fdb,CINT048,set trapeador algodon base madera 30 cm mango plastico,LIMPIEZA,photo du produit à identifier et droits à confirmer
0c323402-5aee-4b5b-bf73-6270c492f345,TRAP012,set trapeador tiras microfibra 50 cm metalico cod. 0592,LIMPIEZA,photo du produit à identifier et droits à confirmer
70658580-e45f-4143-bf3d-066921b369b8,TICA009,set trapeador vileda tiras gruesas,LIMPIEZA,photo du produit à identifier et droits à confirmer
74f879e8-9624-4145-b283-e37959e0ca66,CART005,shampoo para muebles galon,LIMPIEZA,photo du produit à identifier et droits à confirmer
26b79f46-a538-4851-a61d-3a4b428235a8,THPC32,sharp-flex color piel,MEDICINA,photo du produit à identifier et droits à confirmer
e6e49c9a-4f4b-4c7f-85b6-95cd8ab996c6,THPQ47,silicona-lubricante 3m,FERRETERÍA,photo du produit à identifier et droits à confirmer
7e2843e6-75fc-4ce0-8576-3c8bd8f06337,SILIT01,silitor frasco,LIMPIEZA,photo du produit à identifier et droits à confirmer
915f4bcc-608d-4816-b58c-34a1a2597147,SILL003,silla de oficina o escolar,"MUEBLES, HOGAR Y BAZAR",photo du produit à identifier et droits à confirmer
27855f29-b594-48d5-ae9e-5460038a5a04,PAPF021,snacks en paquete,ALIMENTOS Y BEBIDAS,photo du produit à identifier et droits à confirmer
01d200d9-1996-4e22-9a5a-74804ccee6c0,SOBR11,sobre blanco f-4 250 mm x 340 mm,SUMINISTROS DE OFICINA,photo du produit à identifier et droits à confirmer
f7675689-14ec-49c0-8c68-6efb6c3a89ac,SOCD03,sobre para mini cd,SUMINISTROS DE OFICINA,photo du produit à identifier et droits à confirmer
3701918d-e873-40a0-a4a0-daae25092775,TICA012,soga,SUMINISTROS ESCOLARES,photo du produit à identifier et droits à confirmer
cedcb318-546a-43ef-8b3f-1223b40d71e2,TRIC29,soplador para hacer burbujas,"MUEBLES, HOGAR Y BAZAR",photo du produit à identifier et droits à confirmer
8996b69c-153f-4825-8e0d-b3f27524f229,TEPS33,sopladora de aire,"COMPUTACIÓN, TECNOLOGÍA Y ACCESORIOS",photo du produit à identifier et droits à confirmer
ac028b2c-55f0-402a-aa40-a061b821f058,THPC07,soporte para laptop - television,"COMPUTACIÓN, TECNOLOGÍA Y ACCESORIOS",photo du produit à identifier et droits à confirmer
f26360ba-3499-4814-8059-0791de813dd8,CALC001,sorbetes en paquete,ALIMENTOS Y BEBIDAS,photo du produit à identifier et droits à confirmer
46241d2c-8cc0-48be-9e4e-a7012ed8cbea,VINOS1,suavizante de ropa,LIMPIEZA,photo du produit à identifier et droits à confirmer
e1849bdf-4bdd-4095-bba2-3688b09117c8,DETEG017,suavizante de ropa bio galon,LIMPIEZA,photo du produit à identifier et droits à confirmer
707cf2fa-baf1-4a6c-a48c-a68169c52f90,CALC005,sumadora casio dr-210 con impresora,SUMINISTROS DE OFICINA,photo du produit à identifier et droits à confirmer
62d881d5-cb82-49ab-9cec-21b325f4d448,CALC004,sumadora global con impresora,SUMINISTROS DE OFICINA,photo du produit à identifier et droits à confirmer
d413d65e-a3e1-43a1-9e68-0cbd1dd7fbb6,TTOS040,suministros varios,SUMINISTROS DE OFICINA,photo du produit à identifier et droits à confirmer
0e81a770-6aea-4717-aef7-4ff64f2af9bd,SWIC025,switch 8 puertos de salida,"COMPUTACIÓN, TECNOLOGÍA Y ACCESORIOS",photo du produit à identifier et droits à confirmer
5a676ec2-dfd6-4048-b85f-79083cdf90bb,THPC92,tabla para picar,EQUIPOS E IMPLEMENTOS DE COCINA Y CAFETERÍA,photo du produit à identifier et droits à confirmer
51555004-9200-45d7-a969-fc0821c27f76,TABLE1,tablero de dibujo tecnico con regla,SUMINISTROS ESCOLARES,photo du produit à identifier et droits à confirmer
66894c8b-1366-4f80-a8fa-db4898e9b546,TLE073,tablet,"COMPUTACIÓN, TECNOLOGÍA Y ACCESORIOS",photo du produit à identifier et droits à confirmer
46ce64a4-cedd-457c-b285-b08cd6d0f0ba,JUGO005,tampico naranja,ALIMENTOS Y BEBIDAS,photo du produit à identifier et droits à confirmer
29ffda8e-49a0-48a0-91ac-7bf19106d653,TLESC4,tapete antiestatico,"COMPUTACIÓN, TECNOLOGÍA Y ACCESORIOS",photo du produit à identifier et droits à confirmer
70fa6d5c-780c-445f-a49b-3e8e81caf8de,TAR004,tarjeta de identificacion,SUMINISTROS DE OFICINA,photo du produit à identifier et droits à confirmer
8395171e-e307-4a36-bf8c-9d250087b43d,TPA005,tarjeta de pvc o proximidad para credencial,SUMINISTROS DE OFICINA,photo du produit à identifier et droits à confirmer
06c589ee-7c38-47cc-bc7f-b2e3afe4014f,KIMC004,tarjeta kimberly con sobre paquete de 12,SUMINISTROS DE OFICINA,photo du produit à identifier et droits à confirmer
5c9716a6-c4c4-490c-8996-e63bd6fd8881,TAR003,tarjetero telefonico grande,SUMINISTROS DE OFICINA,photo du produit à identifier et droits à confirmer
abaf4f55-e691-47e9-9895-bf42be1e5264,TAR001,tarjetero telefonico pequeño,SUMINISTROS DE OFICINA,photo du produit à identifier et droits à confirmer
f15c4627-5106-49ad-ab04-bee1d9a35c24,DESF022,tarjetero tipo caja grande,SUMINISTROS DE OFICINA,photo du produit à identifier et droits à confirmer
8a9e22a4-7791-48fd-bd87-e8a197d545b8,ATC045,tarrina,EQUIPOS E IMPLEMENTOS DE COCINA Y CAFETERÍA,photo du produit à identifier et droits à confirmer
0939f018-aeea-4ad5-92c0-d0b66cd06402,TCAB85,te de guayusa - mate de coca,ALIMENTOS Y BEBIDAS,photo du produit à identifier et droits à confirmer
714569c2-d244-4636-b707-3e046cb5279d,AGAR003,te verde,ALIMENTOS Y BEBIDAS,photo du produit à identifier et droits à confirmer
d7ca5e49-3206-4b61-bbef-e2df5b5ba6f3,TELF001,telefono panasonic,SUMINISTROS DE OFICINA,photo du produit à identifier et droits à confirmer
6f93ec5c-8897-4c6c-8b77-6367a755e8af,TIRI004,television,"MUEBLES, HOGAR Y BAZAR",photo du produit à identifier et droits à confirmer
0fcdd581-7b7c-4b11-825c-07f16f17702f,TEMPRA,tempra,MEDICINA,photo du produit à identifier et droits à confirmer
eec06baf-bea1-4331-b079-4229acea3e89,TENE001,tenedor metalico,EQUIPOS E IMPLEMENTOS DE COCINA Y CAFETERÍA,photo du produit à identifier et droits à confirmer
d32f1104-b67a-457d-a82a-9a4eba5720d8,TENE015,tenedor plastico paquete,EQUIPOS E IMPLEMENTOS DE COCINA Y CAFETERÍA,photo du produit à identifier et droits à confirmer
4b64a09e-0f0e-4594-9a79-d50689b02d25,THPC31,tensiflex 250/300 mg caja de 10,MEDICINA,photo du produit à identifier et droits à confirmer
43aeb33d-167d-4da5-96e9-09e8d6eb40d8,TCCA01,tensiometro digital,MEDICINA,photo du produit à identifier et droits à confirmer
c52d8331-47e4-4f21-bd1a-461f7b245f71,THPC30,tensodox 10 mg comprimidos caja de 20,MEDICINA,photo du produit à identifier et droits à confirmer
855fa599-efa5-4bd7-983f-eda80df4c40c,THPC29,terminex ampolla,MEDICINA,photo du produit à identifier et droits à confirmer
a8dc1bec-8aaf-4bfe-8092-ed1dac4dd82c,THPC88,termo,EQUIPOS E IMPLEMENTOS DE COCINA Y CAFETERÍA,photo du produit à identifier et droits à confirmer
d9d72493-1db1-4cec-841e-80679c6cb48e,TERM01,termometro digital,MEDICINA,photo du produit à identifier et droits à confirmer
a5bca6fa-c577-4652-858c-300814375d88,PAKC026,thinner,FERRETERÍA,photo du produit à identifier et droits à confirmer
54fd9757-12c8-45aa-8493-d1873c7bf038,TIDI01,thinner disolvente para corrector,SUMINISTROS DE OFICINA,photo du produit à identifier et droits à confirmer
d9e61057-bcba-44fb-b3a5-27b979775022,THPN8C,tijera de vendaje,MEDICINA,photo du produit à identifier et droits à confirmer
3f3fcad0-aca1-46e3-ab33-85558da509fc,TIJE004,tijera industrial,SUMINISTROS DE OFICINA,photo du produit à identifier et droits à confirmer
477ed370-49b3-40c2-95ec-42312891e769,TIJE001,"tijera maped-erichkrause 6 3/4""",SUMINISTROS DE OFICINA,photo du produit à identifier et droits à confirmer
d12008a3-8fdf-4018-b066-5170cb3efae0,TIJE002,"tijera maped-erichkrause 8 1/4""",SUMINISTROS DE OFICINA,photo du produit à identifier et droits à confirmer
dc92d179-712c-4c51-bb3a-28e39a0033ef,TSHA18,"tinta brother bt5001 color magenta, cyan, yellow","COMPUTACIÓN, TECNOLOGÍA Y ACCESORIOS",photo du produit à identifier et droits à confirmer
c8a06b54-7310-4ad0-a2c1-94d9b40d9251,TSHA28,tinta epson 504 color t504220 t504320 t504420,"COMPUTACIÓN, TECNOLOGÍA Y ACCESORIOS",fiche regroupant trois couleurs Epson 504 ; composition du produit à confirmer
70ba2779-8046-4f9a-aa38-a5a90139f210,THPQ27,tinta epson 524 color t524220 t524320 t524420,"COMPUTACIÓN, TECNOLOGÍA Y ACCESORIOS",fiche regroupant trois couleurs Epson 524 ; composition du produit à confirmer
b4fed4ff-954a-4419-898c-6a003f546afc,THPQ29,tinta hp gt52 cyan magenta yellow,"COMPUTACIÓN, TECNOLOGÍA Y ACCESORIOS",photo du produit à identifier et droits à confirmer
decf9bcb-8c15-465e-b1b7-ba92e72d4864,TINT003,tinta para impresion offset y tipografia black,"COMPUTACIÓN, TECNOLOGÍA Y ACCESORIOS",photo du produit à identifier et droits à confirmer
7c5929eb-a3c9-4781-bf53-1836732d701c,RECI02,tinta para rapidografo 1000 ml,SUMINISTROS DE OFICINA,photo du produit à identifier et droits à confirmer
0bc2b923-c055-4af1-8dca-f4b25cf9d6ab,REBEPS,tinta para rapidografo 250 ml,SUMINISTROS DE OFICINA,photo du produit à identifier et droits à confirmer
1c46762f-f7d7-4a38-8609-8271e433c2ba,SOBR010,toalla en rollo 300 metros paquete de 2,HIGIENE,photo du produit à identifier et droits à confirmer
90b56c6f-008e-4439-bd62-03fbfc379c40,PAÑO008,toalla en rollo extra blanca paquete de 200,HIGIENE,photo du produit à identifier et droits à confirmer
e43b25fc-db5c-4b26-9dfa-d2150f43a294,RESA004,toalla en rollo scott 400 metros,HIGIENE,photo du produit à identifier et droits à confirmer
f5ed3b1b-8a94-4622-8332-8beff76c60b7,TICA020,toalla en z natural paquete de 3,HIGIENE,photo du produit à identifier et droits à confirmer
921c65be-b201-404b-a4e8-bf23109c9849,OLLA001,"toalla scott airflex 20 x 23,7 cm blanca paquete de 150",HIGIENE,photo du produit à identifier et droits à confirmer
a121cd00-a6dd-4105-a18b-8c6cca0d3be6,JUGO003,"toalla scott airflex 20 x 23,7 cm natural paquete de 250",HIGIENE,photo du produit à identifier et droits à confirmer
e78f8d71-cb5f-44c5-bf07-fd7c957e59bb,PAKC018,toalla scott blanca 175 singlefold,HIGIENE,photo du produit à identifier et droits à confirmer
82f4fa3a-bd7f-438f-bc86-e4af10ff2536,THPQ08,toallas con alcohol sachet en paquete,LIMPIEZA,photo du produit à identifier et droits à confirmer
87cf2c40-15e4-49b7-a6b7-898cb57a20bb,CORJ009,toner 954xl c-y-m,"COMPUTACIÓN, TECNOLOGÍA Y ACCESORIOS",photo du produit à identifier et droits à confirmer
86cc0060-6614-4b01-aa22-83601ef8d6e3,TIHP002,toner hp 03a c3903a black,"COMPUTACIÓN, TECNOLOGÍA Y ACCESORIOS",photo du produit à identifier et droits à confirmer
736be4d2-3fff-4122-a6c6-4455570451d0,TIHP122,toner hp 130a cf351a cf352a cf353a color,"COMPUTACIÓN, TECNOLOGÍA Y ACCESORIOS",photo du produit à identifier et droits à confirmer
b6726780-4f68-4742-8d51-4c85d19962f0,THP013,toner hp 151a,"COMPUTACIÓN, TECNOLOGÍA Y ACCESORIOS",photo du produit à identifier et droits à confirmer
2fed5223-2983-4ff5-926a-c9a87dce7726,TCAB102,toner hp 250x cp3525 504x,"COMPUTACIÓN, TECNOLOGÍA Y ACCESORIOS",photo du produit à identifier et droits à confirmer
8bad7f06-b3a5-4b74-b4ef-398060c2951e,TXE182,toner hp 662 negro y color,"COMPUTACIÓN, TECNOLOGÍA Y ACCESORIOS",photo du produit à identifier et droits à confirmer
a649855a-0a63-42c7-8436-67c6f557c862,GUA001,toner hp 711 negro,"COMPUTACIÓN, TECNOLOGÍA Y ACCESORIOS",photo du produit à identifier et droits à confirmer
b87353db-65b8-44ef-be58-356881899fa1,THPN8M,toner hp 88 magenta,"COMPUTACIÓN, TECNOLOGÍA Y ACCESORIOS",photo du produit à identifier et droits à confirmer
927c6fc7-c36f-42e1-b3e6-db323fa77779,THPXL1,toner hp 920 negro mod e709n / cd 975,"COMPUTACIÓN, TECNOLOGÍA Y ACCESORIOS",photo du produit à identifier et droits à confirmer
a697e9b6-c574-4328-9325-6079d11aec71,THP030,toner hp 92298-a*,"COMPUTACIÓN, TECNOLOGÍA Y ACCESORIOS",photo du produit à identifier et droits à confirmer
f73cd746-971a-4973-9eff-9c09ce9d6f32,TICA001,toner hp 951 cyan/magenta/yellow,"COMPUTACIÓN, TECNOLOGÍA Y ACCESORIOS",photo du produit à identifier et droits à confirmer
13bda497-7b77-431a-a662-bf1aadc403ae,THPC18,toner hp c 3906-a serie 5l/6l*,"COMPUTACIÓN, TECNOLOGÍA Y ACCESORIOS",photo du produit à identifier et droits à confirmer
cc95971e-8fa2-40b3-bf45-4ef17830b322,THPC73,toner hp c 4911-a cyan,"COMPUTACIÓN, TECNOLOGÍA Y ACCESORIOS",photo du produit à identifier et droits à confirmer
c5fc4699-908c-4819-a2b1-c7d614786794,THPC74,toner hp c 4912-a magenta*,"COMPUTACIÓN, TECNOLOGÍA Y ACCESORIOS",photo du produit à identifier et droits à confirmer
d72f6d19-eca4-4121-a9c9-74fd0cd5cac9,THPC75,toner hp c 4913-a yellow*,"COMPUTACIÓN, TECNOLOGÍA Y ACCESORIOS",photo du produit à identifier et droits à confirmer
9bbecc48-f694-4abf-a168-44cab15cee99,THPC130,toner hp c 9381-a,"COMPUTACIÓN, TECNOLOGÍA Y ACCESORIOS",photo du produit à identifier et droits à confirmer
a97f4a09-0019-409f-a5fe-7e420523d179,THPC180,toner hp c 9382-a cyan-magenta dual,"COMPUTACIÓN, TECNOLOGÍA Y ACCESORIOS",photo du produit à identifier et droits à confirmer
d7734908-3219-443c-85cf-056073e94629,TCAC31,toner hp c950 negro,"COMPUTACIÓN, TECNOLOGÍA Y ACCESORIOS",photo du produit à identifier et droits à confirmer
6e349c79-c333-4a4c-b59f-5f1ad1766bff,TIHP057,toner hp cc 644 n. 60 color,"COMPUTACIÓN, TECNOLOGÍA Y ACCESORIOS","référence CC644 associée à HP 60XL, mais nom GAMA HP 60 ; modèle et capacité à confirmer"
ddb643aa-7719-4ca2-9cac-8b6162219d2e,THPC69,toner hp ch 565-a ref. # 82,"COMPUTACIÓN, TECNOLOGÍA Y ACCESORIOS",photo du produit à identifier et droits à confirmer
2b478a46-0fbb-441a-a222-42cf310c137a,TIHP066,toner hp cn 690 a negro / 675,"COMPUTACIÓN, TECNOLOGÍA Y ACCESORIOS",photo du produit à identifier et droits à confirmer
fc089193-cf9d-4f17-b560-6e997d6c937d,TIKO002,toner konica mc 2400/2500 amarillo,"COMPUTACIÓN, TECNOLOGÍA Y ACCESORIOS",photo du produit à identifier et droits à confirmer
6d78b464-e9b1-45b2-9a40-cc519e4d4efe,TIKO001,toner konica mc 2400/2500 azul,"COMPUTACIÓN, TECNOLOGÍA Y ACCESORIOS",photo du produit à identifier et droits à confirmer
6b3c9a29-924e-407f-970a-5d630056e5ea,TIKO003,toner konica mc 2400/2500 negro,"COMPUTACIÓN, TECNOLOGÍA Y ACCESORIOS",photo du produit à identifier et droits à confirmer
1a62bfb5-9376-415d-afd2-a77f0f945195,TIKO004,toner konica mc 2400/2500 rojo,"COMPUTACIÓN, TECNOLOGÍA Y ACCESORIOS",photo du produit à identifier et droits à confirmer
f32b1a2f-e61e-4c7a-b705-297f159420c3,TKM018,toner konica minolta 20p tnt-24,"COMPUTACIÓN, TECNOLOGÍA Y ACCESORIOS",photo du produit à identifier et droits à confirmer
f9279789-5316-4808-9079-fe59cb97931a,TKM016,toner konica minolta model:page pro 1400,"COMPUTACIÓN, TECNOLOGÍA Y ACCESORIOS",photo du produit à identifier et droits à confirmer
9e2ccc0f-6811-4cf4-99b0-7b017fa3d3b9,TKM017,toner konica minolta page pro 1400w,"COMPUTACIÓN, TECNOLOGÍA Y ACCESORIOS",photo du produit à identifier et droits à confirmer
c17a8b1d-a54f-4f8f-89f4-2fafd3febd50,TIOT005,toner kyocera 1815/1820/1500,"COMPUTACIÓN, TECNOLOGÍA Y ACCESORIOS",photo du produit à identifier et droits à confirmer
5acb775a-620a-436b-9676-bed754ee0e43,CEPI002,toner kyocera fsc 5150  negro,"COMPUTACIÓN, TECNOLOGÍA Y ACCESORIOS",photo du produit à identifier et droits à confirmer
b7f2e328-4889-4bb5-9511-dcc4052f6c6c,TLEO41,toner lexmark t 630/632/634 rf: 12a 7465,"COMPUTACIÓN, TECNOLOGÍA Y ACCESORIOS",photo du produit à identifier et droits à confirmer
47a3e22f-3797-4432-b9fe-f0fd8089b68a,TLEX30,toner lexmark t64018sl,"COMPUTACIÓN, TECNOLOGÍA Y ACCESORIOS",photo du produit à identifier et droits à confirmer
ead441a5-47d1-4284-baee-82ab9cc9a21c,TICA027,toner okidata para la c 530 / 44469720 magenta,"COMPUTACIÓN, TECNOLOGÍA Y ACCESORIOS",photo du produit à identifier et droits à confirmer
d7130d70-99f1-4d2d-8a93-e51916882d31,TICA031,toner okidata para la c 530 / 44469721 cyan,"COMPUTACIÓN, TECNOLOGÍA Y ACCESORIOS",photo du produit à identifier et droits à confirmer
4726b6d4-e2bd-4ada-86d3-f463b2334c20,TPA004,toner panasonic kx-fa76 black,"COMPUTACIÓN, TECNOLOGÍA Y ACCESORIOS",photo du produit à identifier et droits à confirmer
d9610a74-2924-4428-91d4-4c43ff6f0a66,TORI99,toner para copiadora 2000 mpc,"COMPUTACIÓN, TECNOLOGÍA Y ACCESORIOS",photo du produit à identifier et droits à confirmer
386d9596-84d8-4dc9-84e1-470d6b70b710,TRIC07,toner ricoch 1170 d,"COMPUTACIÓN, TECNOLOGÍA Y ACCESORIOS",photo du produit à identifier et droits à confirmer
f82b3479-ec97-43ef-866f-8604231451ef,TRIC26,toner ricoch mp 4500a original,"COMPUTACIÓN, TECNOLOGÍA Y ACCESORIOS",photo du produit à identifier et droits à confirmer
0e22b858-7938-4c5e-98cc-6939f90b5f29,TRIC62,toner ricoh 1515 mf,"COMPUTACIÓN, TECNOLOGÍA Y ACCESORIOS",photo du produit à identifier et droits à confirmer
4e7f7fab-b226-4e4d-aa46-33f75e1cde20,TKM007,toner ricoh 550-600,"COMPUTACIÓN, TECNOLOGÍA Y ACCESORIOS",photo du produit à identifier et droits à confirmer
c5cbe317-bd79-4d3e-8f77-0d1143ba292f,TEPS18,toner ricoh black mp c4503,"COMPUTACIÓN, TECNOLOGÍA Y ACCESORIOS",photo du produit à identifier et droits à confirmer
e9679b8a-a367-4d8c-9ed7-8e347f52e9f5,TEPS23,toner ricoh cyan mp c4503,"COMPUTACIÓN, TECNOLOGÍA Y ACCESORIOS",photo du produit à identifier et droits à confirmer
8e0aee66-fd50-4fca-a614-b1833a8478a2,TEPS61,toner ricoh magenta mp c4503,"COMPUTACIÓN, TECNOLOGÍA Y ACCESORIOS",photo du produit à identifier et droits à confirmer
b83d56e9-fb95-436b-bf6a-8794c4866172,TEPT26,toner ricoh mp 305 spf,"COMPUTACIÓN, TECNOLOGÍA Y ACCESORIOS",photo du produit à identifier et droits à confirmer
35781716-3af8-4da2-8bf0-f3feeee2b8a2,TRIC51,toner ricoh mp c2003 / 2503 black,"COMPUTACIÓN, TECNOLOGÍA Y ACCESORIOS",photo du produit à identifier et droits à confirmer
aab4d7b4-0a6e-4af9-8feb-2321a59a8168,TRIC52,"toner ricoh mp c2003 / 2503 magenta, cyan, yellow","COMPUTACIÓN, TECNOLOGÍA Y ACCESORIOS",photo du produit à identifier et droits à confirmer
a6d1cdee-3587-4ee5-a2fb-41655bec3b18,TEPS19,toner ricoh yellow mp4503,"COMPUTACIÓN, TECNOLOGÍA Y ACCESORIOS",photo du produit à identifier et droits à confirmer
4071e868-a744-4449-a89e-06238545f4cf,TISA021,toner samsung  k 409 negro,"COMPUTACIÓN, TECNOLOGÍA Y ACCESORIOS",photo du produit à identifier et droits à confirmer
f91fde12-0dbf-4bbb-a46b-086ac75864f3,TSAM01,toner samsung 101s / 2160-2165,"COMPUTACIÓN, TECNOLOGÍA Y ACCESORIOS",photo du produit à identifier et droits à confirmer
dc077645-0b6f-4c07-8613-c3c84c36bd55,CINT066,toner samsung bk scx6545-6555,"COMPUTACIÓN, TECNOLOGÍA Y ACCESORIOS",photo du produit à identifier et droits à confirmer
37e7e716-60bb-42d2-ba33-872cf049821b,TSAM312,toner samsung clp 310 cyan,"COMPUTACIÓN, TECNOLOGÍA Y ACCESORIOS",photo du produit à identifier et droits à confirmer
87edc594-f081-4dd9-b3fb-fb4ccdc680c7,TSAM311,toner samsung clp 310 magenta,"COMPUTACIÓN, TECNOLOGÍA Y ACCESORIOS",photo du produit à identifier et droits à confirmer
2d2af140-4fed-4e53-8e94-7bf3b205e4a2,TSAM313,toner samsung clp 310 yellow,"COMPUTACIÓN, TECNOLOGÍA Y ACCESORIOS",photo du produit à identifier et droits à confirmer
7977dd09-f65d-4c62-a9d5-25fd699fd626,TSAM15,toner samsung clp-c-600a cyan,"COMPUTACIÓN, TECNOLOGÍA Y ACCESORIOS",photo du produit à identifier et droits à confirmer
1d549ba4-21ab-45c3-9234-c575cdbd3acd,DSCI004,toner samsung cltk-407 c/y/m,"COMPUTACIÓN, TECNOLOGÍA Y ACCESORIOS",photo du produit à identifier et droits à confirmer
d1e52454-a506-4b75-a0d3-5cb2e5138da1,TSAM12,toner samsung cltk-407 negro,"COMPUTACIÓN, TECNOLOGÍA Y ACCESORIOS",photo du produit à identifier et droits à confirmer
ead40e98-4076-4eb1-a62b-2935c4d9e5cd,TSAM71,toner samsung clx 3170 fn cyan,"COMPUTACIÓN, TECNOLOGÍA Y ACCESORIOS",photo du produit à identifier et droits à confirmer
b878eb03-d5b8-4e16-a2ca-adfdde007d2e,TSAM69,toner samsung clx 3170 fn magenta,"COMPUTACIÓN, TECNOLOGÍA Y ACCESORIOS",photo du produit à identifier et droits à confirmer
6dab0124-7b0d-4595-be7b-4dae93df597a,TSAM70,toner samsung clx 3170 fn yellow,"COMPUTACIÓN, TECNOLOGÍA Y ACCESORIOS",photo du produit à identifier et droits à confirmer
958a0801-8146-4853-a50b-50f1eb0077f3,TSAM24,toner samsung ml-1610*,"COMPUTACIÓN, TECNOLOGÍA Y ACCESORIOS",photo du produit à identifier et droits à confirmer
aae399f3-10c4-46f3-9042-8c48dcbaf75a,TSAM285,toner samsung mld-2850/2851 original,"COMPUTACIÓN, TECNOLOGÍA Y ACCESORIOS",photo du produit à identifier et droits à confirmer
547e7226-36bb-4792-a37e-12f95de8e0c8,TISA011,toner samsung mlt 104 / ml-1865 / ml 1665,"COMPUTACIÓN, TECNOLOGÍA Y ACCESORIOS",photo du produit à identifier et droits à confirmer
7e4b3fa9-cfa9-4f39-a1e3-c1b21c64a18f,TISA016,toner samsung mltd 103l,"COMPUTACIÓN, TECNOLOGÍA Y ACCESORIOS",photo du produit à identifier et droits à confirmer
219d97b6-0860-40de-87d7-7f1a07eda25d,TISA015,toner samsung mltd111s  m2020-m2070,"COMPUTACIÓN, TECNOLOGÍA Y ACCESORIOS",photo du produit à identifier et droits à confirmer
d23b74d2-8b38-40f4-a309-2195169c832c,TSAM02,toner samsung scx 4725 fn,"COMPUTACIÓN, TECNOLOGÍA Y ACCESORIOS",photo du produit à identifier et droits à confirmer
0c96aeb0-51fd-4d08-aa0a-fa0f75d53eb3,TSAM34,"toner samsung scx-4216, 4000/5000 copias","COMPUTACIÓN, TECNOLOGÍA Y ACCESORIOS",photo du produit à identifier et droits à confirmer
826b82b4-2534-4934-91e2-5ea310f7cd60,TTOS17,toner toshiba tk-12/22569372 dual black,"COMPUTACIÓN, TECNOLOGÍA Y ACCESORIOS",photo du produit à identifier et droits à confirmer
2afb2a80-63af-429d-bab9-32e89100e596,TCAB28,toner xerox 006 r 01158-59-60 black ref.5325-5330,"COMPUTACIÓN, TECNOLOGÍA Y ACCESORIOS",photo du produit à identifier et droits à confirmer
9a12d165-e653-4179-be2a-56731f0707d3,TCAB25,toner xerox 006 r 01518 yellow ref.7525-7970,"COMPUTACIÓN, TECNOLOGÍA Y ACCESORIOS",photo du produit à identifier et droits à confirmer
4b455791-0bae-4fd4-96b4-9cfd1e5a325a,TCAB27,toner xerox 006 r 01520 cyan ref.7525-7970,"COMPUTACIÓN, TECNOLOGÍA Y ACCESORIOS",photo du produit à identifier et droits à confirmer
fc62ddc7-3301-404c-8e76-90a8b7956056,TCAB26,toner xerox 006 r 1519 magenta ref. 7525-7970,"COMPUTACIÓN, TECNOLOGÍA Y ACCESORIOS",photo du produit à identifier et droits à confirmer
61ff2aa7-1c3f-4dbb-8da2-b124a8372b79,TCAB24,toner xerox 006r 01517 black ref.7525-7970,"COMPUTACIÓN, TECNOLOGÍA Y ACCESORIOS",photo du produit à identifier et droits à confirmer
d380a3dc-bd30-4f34-a399-40f2f10277a8,TPA003,toner xerox 006r01573,"COMPUTACIÓN, TECNOLOGÍA Y ACCESORIOS",photo du produit à identifier et droits à confirmer
c3a3c031-05f4-4610-813d-9ea394f8cbaa,TXE001,toner xerox 013 r 00621 para pe220,"COMPUTACIÓN, TECNOLOGÍA Y ACCESORIOS",photo du produit à identifier et droits à confirmer
0faaf124-ec5c-4a81-8b34-aeba20e5db90,TXE315,toner xerox 106 r 01305 para 5230,"COMPUTACIÓN, TECNOLOGÍA Y ACCESORIOS",photo du produit à identifier et droits à confirmer
1668ee5e-08fc-4dec-b8aa-44cc6d7368ea,TXE008,toner xerox 106 r 01319 yellow 6400,"COMPUTACIÓN, TECNOLOGÍA Y ACCESORIOS",photo de la source rejetée : magenta visible au lieu du jaune 106R01319 demandé ; autre photo à identifier
997bdc1a-e40f-4fd5-8b3c-a68ac9ca89b9,TXE0145,toner xerox 106 r 01415 para 3435,"COMPUTACIÓN, TECNOLOGÍA Y ACCESORIOS",photo du produit à identifier et droits à confirmer
ccc3ee75-905e-4aa6-b9b3-078bfad67e85,TCAB21,toner xerox 106 r 01631 cyan ref. 6010,"COMPUTACIÓN, TECNOLOGÍA Y ACCESORIOS",photo du produit à identifier et droits à confirmer
fc549940-3dac-41d9-b531-404005c38809,TCAB23,toner xerox 106 r 01632 magenta ref.6010,"COMPUTACIÓN, TECNOLOGÍA Y ACCESORIOS",photo du produit à identifier et droits à confirmer
2b543194-f028-4f7b-84ce-cc73cfaeef2e,TCAB22,toner xerox 106 r 01634 black ref.6010,"COMPUTACIÓN, TECNOLOGÍA Y ACCESORIOS",photo du produit à identifier et droits à confirmer
0051557b-45be-4b9e-9705-1ce2fc041ec5,TXE010,toner xerox 106 r 1203 negro,"COMPUTACIÓN, TECNOLOGÍA Y ACCESORIOS",photo du produit à identifier et droits à confirmer
396f10f3-57f6-44a1-9561-623cb5e56741,TXE011,toner xerox 106 r 1204 yellow,"COMPUTACIÓN, TECNOLOGÍA Y ACCESORIOS",photo du produit à identifier et droits à confirmer
fc983c68-2536-4fca-9531-c3f4725b05b4,TXE012,toner xerox 106 r 1205,"COMPUTACIÓN, TECNOLOGÍA Y ACCESORIOS",photo du produit à identifier et droits à confirmer
4392c12a-cfc3-4562-9966-6db7033f4129,TXE013,toner xerox 106 r 1205 magenta,"COMPUTACIÓN, TECNOLOGÍA Y ACCESORIOS",photo du produit à identifier et droits à confirmer
f463001d-e1c8-4333-990e-da6029dba0d7,TXE014,toner xerox 106 r 1206 cyan,"COMPUTACIÓN, TECNOLOGÍA Y ACCESORIOS",photo du produit à identifier et droits à confirmer
03a7862a-dd87-4352-b721-46ed37b84a33,TCAB20,toner xerox 106 r 140,"COMPUTACIÓN, TECNOLOGÍA Y ACCESORIOS",photo du produit à identifier et droits à confirmer
5f56ff51-44af-4eab-acfe-4e8ce977e1d0,TXE015,toner xerox 106 r 440 para una p1210,"COMPUTACIÓN, TECNOLOGÍA Y ACCESORIOS",photo du produit à identifier et droits à confirmer
1bf5560b-6f9b-4c22-84c2-0742a7880aa8,TXE017,toner xerox 106 r 586,"COMPUTACIÓN, TECNOLOGÍA Y ACCESORIOS",photo du produit à identifier et droits à confirmer
c82db829-e811-427f-8bf3-8674c002defa,TXE021,toner xerox 106 r 675 black,"COMPUTACIÓN, TECNOLOGÍA Y ACCESORIOS",photo de la source rejetée : magenta visible au lieu du noir 106R00675 demandé ; autre photo à identifier
fd3aa274-8947-482c-9208-432d87f5f92d,TXE025,toner xerox 106 rd 1219 rf: 6360n magent,"COMPUTACIÓN, TECNOLOGÍA Y ACCESORIOS",photo du produit à identifier et droits à confirmer
f67fef62-e387-45cc-a5bd-ffff9678bb40,CINT002,toner xerox 10601410 work center 4250-4260,"COMPUTACIÓN, TECNOLOGÍA Y ACCESORIOS",photo du produit à identifier et droits à confirmer
0c279cef-85da-4248-bfe3-32d46ef668e4,TXE203,toner xerox 106r 1400 para la 6280 azul,"COMPUTACIÓN, TECNOLOGÍA Y ACCESORIOS",photo du produit à identifier et droits à confirmer
62b259c0-e1b2-4600-9f82-ee3da7998c65,TXE202,toner xerox 106r 1403 6280 negro,"COMPUTACIÓN, TECNOLOGÍA Y ACCESORIOS",photo du produit à identifier et droits à confirmer
84dc1c5f-4dc1-421c-b0bb-641e56022adc,TCAB16,toner xerox 106r01601 cyan para 6505,"COMPUTACIÓN, TECNOLOGÍA Y ACCESORIOS",photo du produit à identifier et droits à confirmer
10b14263-da36-48a6-95cb-5fd6b2e411a4,TCAB17,toner xerox 106r01602 magenta para 6505,"COMPUTACIÓN, TECNOLOGÍA Y ACCESORIOS",photo du produit à identifier et droits à confirmer
96afa428-056d-4a55-a8c7-0205484bf871,TCAB19,toner xerox 106r01603 yellow para 6505,"COMPUTACIÓN, TECNOLOGÍA Y ACCESORIOS",photo du produit à identifier et droits à confirmer
bf22e7c0-5997-438a-8563-4fa3715b7036,TCAB33,toner xerox 106r01633 yellow,"COMPUTACIÓN, TECNOLOGÍA Y ACCESORIOS",photo du produit à identifier et droits à confirmer
a651cd97-1541-45c8-b6a3-9a3d741a91dd,TIXE017,toner xerox 106r02236 para 6605,"COMPUTACIÓN, TECNOLOGÍA Y ACCESORIOS",photo du produit à identifier et droits à confirmer
d4461749-99a3-404c-a0fa-24e12505d251,TEPS16,toner xerox 106r02312 alto rendimiento black,"COMPUTACIÓN, TECNOLOGÍA Y ACCESORIOS",photo du produit à identifier et droits à confirmer
4f82bb34-bcea-49c0-8556-758e68dfd3eb,TXE037,toner xerox 108 r 00141,"COMPUTACIÓN, TECNOLOGÍA Y ACCESORIOS",photo du produit à identifier et droits à confirmer
c00c8072-b74a-403e-9702-bc2450448640,TXE038,toner xerox 108 r 00142,"COMPUTACIÓN, TECNOLOGÍA Y ACCESORIOS",photo du produit à identifier et droits à confirmer
1fb0aac2-cf16-4cf7-9cb9-c349fc11bdf2,TXE039,toner xerox 108 r 336,"COMPUTACIÓN, TECNOLOGÍA Y ACCESORIOS",photo du produit à identifier et droits à confirmer
ffc498cc-12f2-4186-80ef-9448655b4822,TXE040,toner xerox 108 r 604 negro,"COMPUTACIÓN, TECNOLOGÍA Y ACCESORIOS",photo du produit à identifier et droits à confirmer
07c6b925-e89d-49cf-854f-8ba96cd8063c,TIXE036,toner xerox 113 r 00667 para wc pe16,"COMPUTACIÓN, TECNOLOGÍA Y ACCESORIOS",photo du produit à identifier et droits à confirmer
840c06d8-fe62-420c-ab2f-3bcd262fa252,TXE054,toner xerox 113 r 114 rf:4508,"COMPUTACIÓN, TECNOLOGÍA Y ACCESORIOS",photo du produit à identifier et droits à confirmer
afb3bef3-4218-4df1-8525-c68b0e1fdb52,TXE056,toner xerox 113 r 180,"COMPUTACIÓN, TECNOLOGÍA Y ACCESORIOS",photo du produit à identifier et droits à confirmer
e0d1c506-7792-4bbf-8c7f-e743ced51b7e,TXE057,toner xerox 113 r 296 docuprint,"COMPUTACIÓN, TECNOLOGÍA Y ACCESORIOS",photo du produit à identifier et droits à confirmer
c201532e-9837-42f9-9fa4-c20f714976ac,TXE058,toner xerox 113 r 296 para una p8e4,"COMPUTACIÓN, TECNOLOGÍA Y ACCESORIOS",photo du produit à identifier et droits à confirmer
b5fc5c43-a210-43b1-946f-5b6878a1cff0,TXE061,toner xerox 113 r 663,"COMPUTACIÓN, TECNOLOGÍA Y ACCESORIOS","référence Xerox 113R00663 de tambour, mais nom GAMA toner ; type à confirmer"
6e26d7de-ade5-4411-919d-a0bcec1a56e4,TXE067,toner xerox 113 r 95 rf:4517,"COMPUTACIÓN, TECNOLOGÍA Y ACCESORIOS",photo du produit à identifier et droits à confirmer
6d699451-2edd-4a5a-9537-f2cfe0a13a1e,TXE068,toner xerox 116 r 397,"COMPUTACIÓN, TECNOLOGÍA Y ACCESORIOS",photo du produit à identifier et droits à confirmer
a97fb579-77f5-43d4-aa70-cb254ded6e6c,TXE070,toner xerox 133 r 0095,"COMPUTACIÓN, TECNOLOGÍA Y ACCESORIOS",photo du produit à identifier et droits à confirmer
e78f0e6f-bd11-470f-bbc0-6a58021f6451,TXE071,toner xerox 133 r 445 mod: n2125,"COMPUTACIÓN, TECNOLOGÍA Y ACCESORIOS",photo du produit à identifier et droits à confirmer
0ead4547-6d04-438f-8099-b072f128e408,TXE216,toner xerox 13r67 black,"COMPUTACIÓN, TECNOLOGÍA Y ACCESORIOS",photo du produit à identifier et droits à confirmer
aa788a16-588a-4caa-9c88-bb82c29560ce,TXE073,toner xerox 16 r 19770 cyan 7300,"COMPUTACIÓN, TECNOLOGÍA Y ACCESORIOS",photo du produit à identifier et droits à confirmer
82b90f0d-dbde-4aaf-a25f-b933508e23ca,TXE074,toner xerox 16 r 19780 magenta 7300,"COMPUTACIÓN, TECNOLOGÍA Y ACCESORIOS",photo du produit à identifier et droits à confirmer
fc9c5eee-e16d-475f-bb8c-5d07b30ef820,TXE075,toner xerox 16 r 19790 yellow 7300,"COMPUTACIÓN, TECNOLOGÍA Y ACCESORIOS",photo du produit à identifier et droits à confirmer
2f3ed64e-891a-4e8d-b170-1a97f59c4b76,TXE076,toner xerox 16 r 19800 black 7300,"COMPUTACIÓN, TECNOLOGÍA Y ACCESORIOS",photo du produit à identifier et droits à confirmer
ae4e37f0-36df-4a5e-9485-0030b907cba0,TXE077,toner xerox 16 r 20450 cyan 8200,"COMPUTACIÓN, TECNOLOGÍA Y ACCESORIOS",photo du produit à identifier et droits à confirmer
e8efadba-4f26-4c5a-a3a2-dabfe6ad674e,TXE078,toner xerox 16 r 20460 magenta 8200,"COMPUTACIÓN, TECNOLOGÍA Y ACCESORIOS",photo du produit à identifier et droits à confirmer
5e73f74f-0de2-4f50-98c7-c09651476188,TXE080,toner xerox 212/214 113r 00180,"COMPUTACIÓN, TECNOLOGÍA Y ACCESORIOS",photo du produit à identifier et droits à confirmer
101a8985-6572-4349-b1c0-f95704dabd6f,TXE311,toner xerox 3100 cod: 106 r 01379 alto,"COMPUTACIÓN, TECNOLOGÍA Y ACCESORIOS",photo du produit à identifier et droits à confirmer
1af48bad-c577-4fb6-80be-c9dd3ff3afe4,TIXE041,toner xerox 3315/106r 2310,"COMPUTACIÓN, TECNOLOGÍA Y ACCESORIOS",photo du produit à identifier et droits à confirmer
e1de87a4-8bf3-498a-9983-8029531a0e26,TIXE003,toner xerox 3615,"COMPUTACIÓN, TECNOLOGÍA Y ACCESORIOS",photo du produit à identifier et droits à confirmer
c3dc307c-2f40-4a79-8e8f-430b50dca84f,TXE084,toner xerox 3636- 3635 108 r 0796,"COMPUTACIÓN, TECNOLOGÍA Y ACCESORIOS",photo du produit à identifier et droits à confirmer
77c52f53-999a-4bdc-83d2-768ac06f5105,TXE086,toner xerox 4030,"COMPUTACIÓN, TECNOLOGÍA Y ACCESORIOS",photo du produit à identifier et droits à confirmer
9a261e02-bbb3-42ba-a4b1-071291be1629,TXE093,toner xerox 4525,"COMPUTACIÓN, TECNOLOGÍA Y ACCESORIOS",photo du produit à identifier et droits à confirmer
018b6990-efc9-48d3-9f8f-ace284d0088e,TXE095,toner xerox 5009,"COMPUTACIÓN, TECNOLOGÍA Y ACCESORIOS",photo du produit à identifier et droits à confirmer
264ddf75-a36e-48c1-b648-acb424e9a710,TXE096,toner xerox 5018,"COMPUTACIÓN, TECNOLOGÍA Y ACCESORIOS",photo du produit à identifier et droits à confirmer
e4e2474f-6eb1-4d13-8e2e-2c2409eb93f9,TXE316,toner xerox 5020 cod: 106 r 01277,"COMPUTACIÓN, TECNOLOGÍA Y ACCESORIOS",photo du produit à identifier et droits à confirmer
f3907a0d-8199-480c-9484-5118c3902278,TXE098,toner xerox 5028,"COMPUTACIÓN, TECNOLOGÍA Y ACCESORIOS",photo du produit à identifier et droits à confirmer
2b27aef8-ac53-48b2-8028-bf478ec75c4f,TXE100,toner xerox 5034,"COMPUTACIÓN, TECNOLOGÍA Y ACCESORIOS",photo du produit à identifier et droits à confirmer
899df5bd-866d-4d1a-8678-b14817885c11,TIXE004,toner xerox 6 r 01461 black,"COMPUTACIÓN, TECNOLOGÍA Y ACCESORIOS",photo du produit à identifier et droits à confirmer
c23a9df4-5bd2-403c-bfff-6b6fa4c680b6,TIXE005,toner xerox 6 r 01462 yellow,"COMPUTACIÓN, TECNOLOGÍA Y ACCESORIOS",photo du produit à identifier et droits à confirmer
e431bbbb-5424-44a3-8292-00a8d1a4f12c,TIXE006,toner xerox 6 r 01463 magenta,"COMPUTACIÓN, TECNOLOGÍA Y ACCESORIOS",photo du produit à identifier et droits à confirmer
bd9e2ac4-59ec-4073-b886-81833177a1fc,TIXE007,toner xerox 6 r 01464 cyan,"COMPUTACIÓN, TECNOLOGÍA Y ACCESORIOS",photo du produit à identifier et droits à confirmer
164d735e-2145-4e63-9983-0962847abe9c,TXE108,toner xerox 6 r 1044 rf: 320,"COMPUTACIÓN, TECNOLOGÍA Y ACCESORIOS",photo du produit à identifier et droits à confirmer
5674993b-12b3-429e-8ae0-76e6f67a3083,TXE114,toner xerox 6 r 121 rf: 1025,"COMPUTACIÓN, TECNOLOGÍA Y ACCESORIOS",photo du produit à identifier et droits à confirmer
96b8c16f-8760-4c69-a44f-87757e9b00ff,TXE115,toner xerox 6 r 234 rf: 2510,"COMPUTACIÓN, TECNOLOGÍA Y ACCESORIOS",photo du produit à identifier et droits à confirmer
11d1e138-f514-46df-b168-264e64805fac,TXE117,toner xerox 6 r 255 rf: 5028,"COMPUTACIÓN, TECNOLOGÍA Y ACCESORIOS",photo du produit à identifier et droits à confirmer
55999e73-0366-4e08-b436-5a2f20ace00b,TXE118,toner xerox 6 r 270 rf:1012,"COMPUTACIÓN, TECNOLOGÍA Y ACCESORIOS",photo du produit à identifier et droits à confirmer
712710cf-dee2-4279-98aa-dc0200e71e5b,TXE119,toner xerox 6 r 343 rf:5008,"COMPUTACIÓN, TECNOLOGÍA Y ACCESORIOS",photo du produit à identifier et droits à confirmer
acaee049-597d-4ce3-a758-a4db0b752b86,TXE120,toner xerox 6 r 379 rf:5314,"COMPUTACIÓN, TECNOLOGÍA Y ACCESORIOS",photo du produit à identifier et droits à confirmer
9a4786af-8f32-49f0-9ac3-45c738d63668,TXE121,toner xerox 6 r 381 rf:5312/5314 caja*2,"COMPUTACIÓN, TECNOLOGÍA Y ACCESORIOS",photo du produit à identifier et droits à confirmer
1e6477d2-19b0-4158-bf70-d87d1467e81f,TXE122,toner xerox 6 r 396 rf:5353,"COMPUTACIÓN, TECNOLOGÍA Y ACCESORIOS",photo du produit à identifier et droits à confirmer
ed2788a6-f307-4151-8d67-06832290b9e0,TXE123,toner xerox 6 r 396 rf:5837,"COMPUTACIÓN, TECNOLOGÍA Y ACCESORIOS",photo du produit à identifier et droits à confirmer
10a52031-81eb-4d8c-91ff-1146efcb88ae,TXE124,toner xerox 6 r 740 rf:1025/1038,"COMPUTACIÓN, TECNOLOGÍA Y ACCESORIOS",photo du produit à identifier et droits à confirmer
02b12a37-a8ad-4c07-8d03-01b42d69e8ae,TXE125,toner xerox 6 r 752,"COMPUTACIÓN, TECNOLOGÍA Y ACCESORIOS",photo du produit à identifier et droits à confirmer
48bbe3ca-b1ac-4582-81b8-f117e6ee8506,TXE126,toner xerox 6 r 829,"COMPUTACIÓN, TECNOLOGÍA Y ACCESORIOS",photo du produit à identifier et droits à confirmer
91fe4809-1639-48b5-85f6-0b8cb3c0d7f0,TXE127,toner xerox 6 r 830,"COMPUTACIÓN, TECNOLOGÍA Y ACCESORIOS",photo du produit à identifier et droits à confirmer
49c7a056-22c5-4fda-b2a2-464f522136bb,TXE128,toner xerox 6 r 831,"COMPUTACIÓN, TECNOLOGÍA Y ACCESORIOS",photo du produit à identifier et droits à confirmer
1d23ce21-0889-4e57-b5f3-d75d839f7c7b,TXE129,toner xerox 6 r 832,"COMPUTACIÓN, TECNOLOGÍA Y ACCESORIOS",photo du produit à identifier et droits à confirmer
cbb1fafd-4de5-4dc1-a547-04b76add1b55,TXE130,toner xerox 6 r 881 rf:xc 1040,"COMPUTACIÓN, TECNOLOGÍA Y ACCESORIOS",photo du produit à identifier et droits à confirmer
617b4249-4c3b-467d-801a-09733b74fcf5,TXE131,toner xerox 6 r 884 rf:3030,"COMPUTACIÓN, TECNOLOGÍA Y ACCESORIOS",photo du produit à identifier et droits à confirmer
387faa8f-0842-41d7-9ded-97872c389d39,TXE132,toner xerox 6 r 890 rf:xc 1040,"COMPUTACIÓN, TECNOLOGÍA Y ACCESORIOS",photo du produit à identifier et droits à confirmer
f9546f70-1afe-40c9-bfd9-35e1d46d04b0,TXE133,toner xerox 6 r 90170 rf:5310,"COMPUTACIÓN, TECNOLOGÍA Y ACCESORIOS",photo du produit à identifier et droits à confirmer
bb38c9de-0e1f-469f-b7b7-9aa4dbcc55ed,TXE051,toner xerox 6280 106r1401 magenta,"COMPUTACIÓN, TECNOLOGÍA Y ACCESORIOS",photo du produit à identifier et droits à confirmer
967610a5-c6df-4819-9d3a-edf24adcb588,CARA004,toner xerox 6280 106r1402 yellow,"COMPUTACIÓN, TECNOLOGÍA Y ACCESORIOS",photo du produit à identifier et droits à confirmer
4fc55d88-b074-4393-ab91-1d16794356d5,TICA015,toner xerox 7500 ma/ye/cy,"COMPUTACIÓN, TECNOLOGÍA Y ACCESORIOS",photo du produit à identifier et droits à confirmer
36aac3f9-c9d8-4fbd-b2b6-589cb25613f6,TXE148,toner xerox 8 r 12591,"COMPUTACIÓN, TECNOLOGÍA Y ACCESORIOS",photo du produit à identifier et droits à confirmer
eaa1e7f8-84b4-4209-b88d-cd0a20385b11,TXE149,toner xerox 8 r 3816 rf:7024,"COMPUTACIÓN, TECNOLOGÍA Y ACCESORIOS",photo du produit à identifier et droits à confirmer
bc117992-772a-42ac-931b-f26351427f2a,TXE150,toner xerox 8 r 7638 rf:4003,"COMPUTACIÓN, TECNOLOGÍA Y ACCESORIOS",photo du produit à identifier et droits à confirmer
72e9d5c9-4546-462e-88c1-72f9777ab52e,TXE151,toner xerox 8 r 7639,"COMPUTACIÓN, TECNOLOGÍA Y ACCESORIOS",photo du produit à identifier et droits à confirmer
b2262c8a-4182-420e-ae48-fc7eb15fd794,TXE152,toner xerox 8 r 7660 negro,"COMPUTACIÓN, TECNOLOGÍA Y ACCESORIOS",photo du produit à identifier et droits à confirmer
482bf9b0-6506-40b8-91cf-8b68ffa2902c,TXE153,toner xerox 8 r 7661/62/63 mod:c6 color,"COMPUTACIÓN, TECNOLOGÍA Y ACCESORIOS",photo du produit à identifier et droits à confirmer
091b7280-343e-47c9-b651-9e03d43e9e2a,TXE155,toner xerox 8 r 7663 yellow,"COMPUTACIÓN, TECNOLOGÍA Y ACCESORIOS",photo du produit à identifier et droits à confirmer
15f86b4d-3bc6-48f8-acb8-f9afdf4a0290,TXE156,toner xerox 8 r 7761,"COMPUTACIÓN, TECNOLOGÍA Y ACCESORIOS",photo du produit à identifier et droits à confirmer
11a1c0c7-2253-47a0-811c-f92307467e5d,TXE157,toner xerox 8 r 7762,"COMPUTACIÓN, TECNOLOGÍA Y ACCESORIOS",photo du produit à identifier et droits à confirmer
acbcf8cd-5de6-445c-90dd-5851dd3cb6cc,TXE158,toner xerox 8 r 7763,"COMPUTACIÓN, TECNOLOGÍA Y ACCESORIOS",photo du produit à identifier et droits à confirmer
c09148d7-3b45-44b0-ae86-e9b225dec00d,TXE159,toner xerox 8 r 7881,"COMPUTACIÓN, TECNOLOGÍA Y ACCESORIOS",photo du produit à identifier et droits à confirmer
c3281714-940c-4f53-a0ec-a49368aa7a19,TXE161,toner xerox 8 r 7994,"COMPUTACIÓN, TECNOLOGÍA Y ACCESORIOS",photo du produit à identifier et droits à confirmer
76dd63f2-8c5d-4e1f-baf4-739e5f4ed918,TXE164,toner xerox c 2424 cyan,"COMPUTACIÓN, TECNOLOGÍA Y ACCESORIOS",photo du produit à identifier et droits à confirmer
7d9fb136-c90e-40cc-9fe9-134d4169074d,TXE165,toner xerox c 2424 magenta,"COMPUTACIÓN, TECNOLOGÍA Y ACCESORIOS",photo du produit à identifier et droits à confirmer
7f839a86-c40b-4999-adcd-9f82c8e4460e,TXE166,toner xerox c 2424 yellow,"COMPUTACIÓN, TECNOLOGÍA Y ACCESORIOS",photo du produit à identifier et droits à confirmer
da599d64-2126-4d9d-8da3-42f11d574ed4,TXE167,toner xerox c-1040 de copiadora,"COMPUTACIÓN, TECNOLOGÍA Y ACCESORIOS",photo du produit à identifier et droits à confirmer
97b75767-d6cd-476b-97dd-cb952e9d2bf8,TXE169,toner xerox c-4 26 m11 color,"COMPUTACIÓN, TECNOLOGÍA Y ACCESORIOS",photo du produit à identifier et droits à confirmer
89a1d39f-5c83-4fae-b069-db73d46004fa,TXE170,toner xerox cc-35,"COMPUTACIÓN, TECNOLOGÍA Y ACCESORIOS",photo du produit à identifier et droits à confirmer
c6bc9674-5a6a-42e3-ae78-8d6423aef60e,TXE171,toner xerox ci-040,"COMPUTACIÓN, TECNOLOGÍA Y ACCESORIOS",photo du produit à identifier et droits à confirmer
9105ee35-b11f-4b57-b17a-1937f98e53e3,TXE301,toner xerox copiadora 4118,"COMPUTACIÓN, TECNOLOGÍA Y ACCESORIOS",photo du produit à identifier et droits à confirmer
abe98fa5-9849-49a8-9bc7-9667966fce5f,TXE172,toner xerox copiadora 4118 106r1278,"COMPUTACIÓN, TECNOLOGÍA Y ACCESORIOS",photo du produit à identifier et droits à confirmer
82c6a1f0-cea2-45f0-9923-4a7bb598239b,TXE173,toner xerox crt 1040,"COMPUTACIÓN, TECNOLOGÍA Y ACCESORIOS",photo du produit à identifier et droits à confirmer
774a51c0-aaef-431a-8117-499a181cc655,TXE174,toner xerox docuprint n 14517,"COMPUTACIÓN, TECNOLOGÍA Y ACCESORIOS",photo du produit à identifier et droits à confirmer
316220a3-c6a5-4774-b522-0ce6ddae5943,TXE175,toner xerox docuprint p 8e,"COMPUTACIÓN, TECNOLOGÍA Y ACCESORIOS",photo du produit à identifier et droits à confirmer
b09a6ba1-012f-47a0-bdfe-13600b824ac7,TXE176,toner xerox docuprint p8e cod. 113r 296,"COMPUTACIÓN, TECNOLOGÍA Y ACCESORIOS",photo du produit à identifier et droits à confirmer
a2626f98-3233-49cc-8b2f-267bea143127,TXE217,toner xerox gr 741,"COMPUTACIÓN, TECNOLOGÍA Y ACCESORIOS",photo du produit à identifier et droits à confirmer
0371ed21-9c8f-4a75-a28c-cdd5acc7a6b6,TXE185,toner xerox n2125 imp.15000 hojas,"COMPUTACIÓN, TECNOLOGÍA Y ACCESORIOS",photo du produit à identifier et droits à confirmer
9fed90d2-d268-4481-b721-d6a73fc446f0,TXE186,toner xerox p 1210 cod. 106r00442,"COMPUTACIÓN, TECNOLOGÍA Y ACCESORIOS",photo du produit à identifier et droits à confirmer
420bf07e-760a-48c7-9f6b-d71a003b0c9a,TXE187,toner xerox para copiadora m 20,"COMPUTACIÓN, TECNOLOGÍA Y ACCESORIOS",photo du produit à identifier et droits à confirmer
fa0aba10-f4fa-4ea1-a61e-1344bf966b2e,TXE188,toner xerox para la 6200 black,"COMPUTACIÓN, TECNOLOGÍA Y ACCESORIOS",photo du produit à identifier et droits à confirmer
bacecedc-d3bd-4a60-9f1c-61a54c9a9f7b,TXE189,toner xerox para la 6200 magenta,"COMPUTACIÓN, TECNOLOGÍA Y ACCESORIOS",photo du produit à identifier et droits à confirmer
542b74d7-0cb3-47ed-aa9d-5cf4160e4b9a,TXE190,toner xerox para la 6200 rf:016200500 cy,"COMPUTACIÓN, TECNOLOGÍA Y ACCESORIOS",photo du produit à identifier et droits à confirmer
0c4c9665-73a4-4f9d-9a11-e7993ca7a49e,TXE191,toner xerox para la 6200 yellow,"COMPUTACIÓN, TECNOLOGÍA Y ACCESORIOS",photo du produit à identifier et droits à confirmer
a8b88df8-ccd5-49e6-ae0f-9929b9ff7d2f,TXE305,toner xerox phaser 106 r 01378 negro,"COMPUTACIÓN, TECNOLOGÍA Y ACCESORIOS",photo du produit à identifier et droits à confirmer
e6ccd755-1634-4bed-9bc7-e109a7566856,TIXE023,toner xerox phaser 106 r 1487 para 3220,"COMPUTACIÓN, TECNOLOGÍA Y ACCESORIOS",photo du produit à identifier et droits à confirmer
ae3dd983-6610-4298-881f-8bddeda2624b,TXE3125,toner xerox phaser 3125,"COMPUTACIÓN, TECNOLOGÍA Y ACCESORIOS",photo du produit à identifier et droits à confirmer
1e78784e-683c-440f-8c82-f185dc47f466,TXE198,toner xerox phaser 6100 black,"COMPUTACIÓN, TECNOLOGÍA Y ACCESORIOS",photo du produit à identifier et droits à confirmer
1bf6ab8e-0468-480e-a2b3-c426156394e5,TXE199,toner xerox phaser 6100 cyan,"COMPUTACIÓN, TECNOLOGÍA Y ACCESORIOS",photo du produit à identifier et droits à confirmer
1615b5e7-778e-4d3f-b4fe-4c44d9988dc3,TXE200,toner xerox phaser 6100 magenta,"COMPUTACIÓN, TECNOLOGÍA Y ACCESORIOS",photo du produit à identifier et droits à confirmer
c014c092-4f40-48c2-a1d9-f55ad40d725a,TXE201,toner xerox phaser 6100 yellow,"COMPUTACIÓN, TECNOLOGÍA Y ACCESORIOS",photo du produit à identifier et droits à confirmer
d83a5f1f-68bc-4d2e-abae-dee771483092,TXE308,toner xerox phaser 6110 r 01206 black,"COMPUTACIÓN, TECNOLOGÍA Y ACCESORIOS",photo du produit à identifier et droits à confirmer
d4438dd1-005d-4c9a-aa6b-a02f91de593c,TXE306,toner xerox phaser 6110 r 01206 mage,"COMPUTACIÓN, TECNOLOGÍA Y ACCESORIOS",photo du produit à identifier et droits à confirmer
703e5642-6dd4-4368-a9c9-48f17d804d96,TXE307,toner xerox phaser 6110 r 01206 yell,"COMPUTACIÓN, TECNOLOGÍA Y ACCESORIOS",photo du produit à identifier et droits à confirmer
ab13690f-f0ed-40f9-a1eb-5326d2ca8c43,TXE206,toner xerox phaser 7400 cyan,"COMPUTACIÓN, TECNOLOGÍA Y ACCESORIOS",photo du produit à identifier et droits à confirmer
62e246be-ce5e-4b56-8595-8164a2e8015f,TXE179,toner xerox phaser 7400 magenta,"COMPUTACIÓN, TECNOLOGÍA Y ACCESORIOS",photo du produit à identifier et droits à confirmer
1dfedb04-5eb8-4322-952c-a58458f63cd5,TXE181,toner xerox phaser 7400 yellow,"COMPUTACIÓN, TECNOLOGÍA Y ACCESORIOS",photo du produit à identifier et droits à confirmer
cf88ba61-e028-4881-a163-7d2d4b2b4827,TXE208,toner xerox wc pr04,"COMPUTACIÓN, TECNOLOGÍA Y ACCESORIOS",photo du produit à identifier et droits à confirmer
b5c14bb6-3172-4c13-a233-63836f710afe,TXE209,toner xerox wc pro 412 /415,"COMPUTACIÓN, TECNOLOGÍA Y ACCESORIOS",photo du produit à identifier et droits à confirmer
0005d636-ef7b-41c5-a287-805eb81c9794,TXE218,toner xerox wc pro 428,"COMPUTACIÓN, TECNOLOGÍA Y ACCESORIOS",photo du produit à identifier et droits à confirmer
bc99c3f0-189a-483a-8f31-1399b38ee9ae,TXE210,toner xerox work center 4118,"COMPUTACIÓN, TECNOLOGÍA Y ACCESORIOS",photo du produit à identifier et droits à confirmer
4b25e635-604b-4d3d-935e-a6122911758b,TXE211,toner xerox work centre 123,"COMPUTACIÓN, TECNOLOGÍA Y ACCESORIOS",photo du produit à identifier et droits à confirmer
634d40d2-c339-4efc-9e06-8179328d3482,TXE212,toner xerox xc-1045,"COMPUTACIÓN, TECNOLOGÍA Y ACCESORIOS",photo du produit à identifier et droits à confirmer
3fbf6bc9-3ded-4983-88ee-3fd8950d6797,TXE213,toner xerox xd 125 nf,"COMPUTACIÓN, TECNOLOGÍA Y ACCESORIOS",photo du produit à identifier et droits à confirmer
ce9ba522-5479-4578-888e-465d8bffdb90,MED299,tonopan 500 mg,MEDICINA,photo du produit à identifier et droits à confirmer
0b2042de-1850-41f9-8832-d60b48bca21d,VASO002,tostadas en paquete,ALIMENTOS Y BEBIDAS,photo du produit à identifier et droits à confirmer
5e7805cb-2fc2-40bf-a90d-5d16c3ad6491,THPC87,transporte - logistica,SERVICIOS,service sans objet physique
81cbfb9a-e92c-445d-8dc5-bfd5afab6ec1,TLEO06,trofeo y medalla,"MUEBLES, HOGAR Y BAZAR",photo du produit à identifier et droits à confirmer
f70dfc2a-bc09-455d-b2b3-920d101ec1f8,TUBF01,tubo fluorescente 40 watts,FERRETERÍA,photo du produit à identifier et droits à confirmer
16048ce5-8230-4646-80e6-8c6c99c872f9,TRIC22,ula-ula,"MUEBLES, HOGAR Y BAZAR",photo du produit à identifier et droits à confirmer
5b65037f-7d58-4b2d-8e57-b0b63d3c4d39,TXE105,umbral 500 mg capsula,MEDICINA,photo du produit à identifier et droits à confirmer
e5dbc1b1-f8fe-45b9-b314-c193329e9f1d,TXE085,unidad de imagen xerox para la 6505 cod:676k05360,"COMPUTACIÓN, TECNOLOGÍA Y ACCESORIOS",photo du produit à identifier et droits à confirmer
6a80b338-4f26-4de8-84be-3857d8834c44,IMPR007,unidad de transferencia xerox 675k47088,"COMPUTACIÓN, TECNOLOGÍA Y ACCESORIOS",photo du produit à identifier et droits à confirmer
15720c84-f8e5-4095-9327-d968b56eeb5c,AGEN003,vajilla,EQUIPOS E IMPLEMENTOS DE COCINA Y CAFETERÍA,photo du produit à identifier et droits à confirmer
83c30634-df00-4a77-8f68-539f7c708085,MTL012,vanish,LIMPIEZA,photo du produit à identifier et droits à confirmer
8849d5b3-bdce-47c5-a837-47e972d99b61,ATC044,vaselina - glicerina,MEDICINA,photo du produit à identifier et droits à confirmer
79a4503c-0d41-4552-97ba-e88d2aaa3c22,TCAB71,vasos acrilicos con sorbete,EQUIPOS E IMPLEMENTOS DE COCINA Y CAFETERÍA,photo du produit à identifier et droits à confirmer
948cbdef-7909-4d78-9716-1cc140a4551a,THPCC36,vasos plasticos 16 oz paquete de 50,EQUIPOS E IMPLEMENTOS DE COCINA Y CAFETERÍA,photo du produit à identifier et droits à confirmer
99b6ff56-1398-4999-9bf2-a5a0d41c3ca7,TCAB123,"vasos plasticos 3,5 oz",EQUIPOS E IMPLEMENTOS DE COCINA Y CAFETERÍA,photo du produit à identifier et droits à confirmer
4b6980b0-1dc2-433f-85dd-c566a1f1260d,TLE013,vasos plasticos biodegradables 12 oz paquete,EQUIPOS E IMPLEMENTOS DE COCINA Y CAFETERÍA,photo du produit à identifier et droits à confirmer
495d4354-9880-4721-83fd-0c595ee39d50,TCAB49,vasos termicos 10 oz paquete de 20,EQUIPOS E IMPLEMENTOS DE COCINA Y CAFETERÍA,photo du produit à identifier et droits à confirmer
fe930dda-8978-405e-a89e-a72f18f4af39,TCAB66,vasos termicos 8 oz impresos caja de 1000,EQUIPOS E IMPLEMENTOS DE COCINA Y CAFETERÍA,photo du produit à identifier et droits à confirmer
d4c0471b-8d1a-437a-84e8-9c16ee41653f,TLE004,venda adhesiva en rollo,MEDICINA,photo du produit à identifier et droits à confirmer
92d32e28-ab10-4f25-a976-7acd59cdaa9b,VENGA2,"venda de gasa 4""",MEDICINA,photo du produit à identifier et droits à confirmer
be1d1ea6-a849-4ede-a0d8-4d1830a038e2,VENGA3,venda elastica,MEDICINA,photo du produit à identifier et droits à confirmer
94dc2297-3271-44a6-b821-ed993b5dcd54,VENGA4,venda especial de yeso o triangular,MEDICINA,photo du produit à identifier et droits à confirmer
5015f0eb-598a-4aaa-82cf-1aa5c706ce91,VEN001,veneno de ratas,LIMPIEZA,photo du produit à identifier et droits à confirmer
5a47a711-0044-4aa1-847f-2d64048cf3a8,CP3005,ventilador,"COMPUTACIÓN, TECNOLOGÍA Y ACCESORIOS",photo du produit à identifier et droits à confirmer
3de2cef2-404d-42ca-b3ad-e9ea519abf27,TXE045,vidrio para soldar,FERRETERÍA,photo du produit à identifier et droits à confirmer
c5dc728d-8099-4e7c-ad8e-22d6746a83f5,THPCB82,vidrios varias medidas,FERRETERÍA,photo du produit à identifier et droits à confirmer
1f1d843f-3e0d-4ab1-a4d4-70f757e28b65,CINT028,vinagre,ALIMENTOS Y BEBIDAS,photo du produit à identifier et droits à confirmer
d36bec43-8350-4f24-a073-4501a8cfe0cf,TKM026,viveres iva 0%,ALIMENTOS Y BEBIDAS,photo du produit à identifier et droits à confirmer
42c5602e-4ece-4719-b760-14258e91a818,VOLT001,voltaren emulgel,MEDICINA,photo du produit à identifier et droits à confirmer
6e0f4756-4374-450a-8e27-5391a431d8db,TLE002,voltaren en spray 1% 85 ml,MEDICINA,photo du produit à identifier et droits à confirmer
e8b61c36-72e0-44b9-a775-dd2b18d18ad2,TIEP005,whisky 12 años,ALIMENTOS Y BEBIDAS,photo du produit à identifier et droits à confirmer
c91e96ba-55cf-4e91-b4f8-e7bd68bd1b41,TCAB104,whisky buchanan´s 12 años,ALIMENTOS Y BEBIDAS,photo du produit à identifier et droits à confirmer
0d2752a3-01e7-4b78-9d84-b500c0d4a63a,TCAB103,whisky johnnie negro 12 años,ALIMENTOS Y BEBIDAS,photo du produit à identifier et droits à confirmer
6ef50c10-5a32-47ab-9d47-44dd02786ad5,TEPS05,whisky johnnie swing 15 años,ALIMENTOS Y BEBIDAS,photo du produit à identifier et droits à confirmer
4306d50b-392d-4eb2-9c3d-c669cdd59bd5,WHIPE,wipe,LIMPIEZA,photo du produit à identifier et droits à confirmer
bcd00580-b407-4387-9365-ae038eb928d1,TLEO15,xxxx,"COMPUTACIÓN, TECNOLOGÍA Y ACCESORIOS",photo du produit à identifier et droits à confirmer
cf79069b-f913-4e88-aaa9-3e4f75218e95,PERF17,xxxxx,SUMINISTROS DE OFICINA,photo du produit à identifier et droits à confirmer
7606831d-8f6e-4c51-91bb-f91bff12329a,TKM028,xxxxxx,SUMINISTROS ESCOLARES,photo du produit à identifier et droits à confirmer
ac2c4bfa-7a5f-4327-b5fb-75a519c482c5,PAKC028,xxxxxxx,HIGIENE,photo du produit à identifier et droits à confirmer
6f05fbc1-487d-428a-a6f9-af9182232109,TLEL02,xxxxxxxx,SUMINISTROS DE OFICINA,photo du produit à identifier et droits à confirmer
cdf98eca-a2b4-4435-8172-648771636d82,TLE076,yodo,MEDICINA,photo du produit à identifier et droits à confirmer
3708d097-bb74-4c47-a2b0-4c33622492c2,YUQU014,yuquitas en paquete,ALIMENTOS Y BEBIDAS,photo du produit à identifier et droits à confirmer
68dd02e8-dc9b-4bcd-8cb5-1b93b63acb59,THPC149,zaldiar tableta,MEDICINA,photo du produit à identifier et droits à confirmer
451bf5e2-7e3f-47dc-9b12-1c6c64343750,ZAPA001,zapatones paquete de 50 pares,MEDICINA,photo du produit à identifier et droits à confirmer
266b47cf-6b20-4642-9d2b-6737294fb531,ATC059,zip iomega 100 mb,"COMPUTACIÓN, TECNOLOGÍA Y ACCESORIOS",photo du produit à identifier et droits à confirmer
